ProductType,Manufacturer,Area Code,Sourcing Channel,Product Size,Product Type,Month of Sourcing,Sourcing Cost,Year,Month,Quantity
NTM3,X1,A28,WHOLESALE,Large,Powder,2021-05-01,10.158,2021,5,79
NTM2,X1,A9,DIRECT,Large,Powder,2020-10-01,134.281,2020,10,135
NTM3,X2,A20,DIRECT,Large,Powder,2020-12-01,12.456,2020,12,197
NTM3,X1,A18,WHOLESALE,Small,Powder,2021-02-01,107.22,2021,2,768
NTM2,X1,A28,DIRECT,Large,Liquid,2020-11-01,197.763,2020,11,271
NTM1,X1,A10,DIRECT,Large,Powder,2020-09-01,137.932,2020,9,585
NTM2,X1,A19,DIRECT,Large,Powder,2020-09-01,105.589,2020,9,724
NTM2,X1,A29,DIRECT,Small,Powder,2021-03-01,90.775,2021,3,590
NTM3,X1,A18,RETAIL,Large,Liquid,2020-11-01,154.042,2020,11,707
NTM3,X2,A20,DIRECT,Large,Powder,2021-03-01,85.706,2021,3,197
NTM2,X1,A7,ECOM,Small,Powder,2021-03-01,141.582,2021,3,410
NTM1,X1,A2,DIRECT,Large,Powder,2021-01-01,173.44,2021,1,362
NTM2,X1,A29,DIRECT,Small,Powder,2021-01-01,80.635,2021,1,474
NTM2,X1,A8,DIRECT,Large,Liquid,2021-04-01,159.111,2021,4,367
NTM2,X1,A2,DIRECT,Large,Powder,2020-11-01,172.512,2020,11,601
NTM1,X1,A4,DIRECT,Large,Powder,2021-04-01,143.918,2021,4,279
NTM2,X1,A6,DIRECT,Large,Powder,2020-11-01,150.016,2020,11,1083
NTM1,X1,A7,DIRECT,Large,Liquid,2021-02-01,149.566,2021,2,214
NTM2,X1,A29,DIRECT,Small,Powder,2020-07-01,56.52,2020,7,421
NTM2,X1,A7,ECOM,Large,Powder,2021-03-01,144.211,2021,3,1067
NTM2,X1,A7,ECOM,Large,Powder,2020-12-01,144.28,2020,12,608
NTM1,X1,A8,DIRECT,Large,Liquid,2020-08-01,136.091,2020,8,267
NTM1,X2,A30,RETAIL,Small,Powder,2020-11-01,43.103,2020,11,142
NTM1,X1,A7,ECOM,Small,Powder,2021-02-01,145.787,2021,2,361
NTM2,X1,A2,DIRECT,Large,Powder,2021-04-01,160.67,2021,4,457
NTM2,X1,A19,DIRECT,Large,Powder,2020-08-01,109.492,2020,8,880
NTM1,X1,A8,DIRECT,Large,Liquid,2021-02-01,151.666,2021,2,419
NTM1,X1,A10,DIRECT,Large,Powder,2020-08-01,138.064,2020,8,1041
NTM1,X1,A10,DIRECT,Large,Powder,2020-07-01,135.291,2020,7,1109
NTM2,X1,A29,DIRECT,Small,Powder,2020-10-01,56.52,2020,10,615
NTM2,X1,A2,DIRECT,Large,Powder,2020-12-01,171.302,2020,12,504
NTM3,X1,A35,DIRECT,Small,Liquid,2020-10-01,214.0,2020,10,437
NTM3,X1,A35,DIRECT,Small,Liquid,2021-01-01,42.8,2021,1,443
NTM1,X1,A9,DIRECT,Large,Powder,2020-12-01,145.234,2020,12,315
NTM1,X1,A10,ECOM,Large,Powder,2021-01-01,148.065,2021,1,451
NTM1,X1,A7,DIRECT,Large,Powder,2020-12-01,151.032,2020,12,1083
NTM1,X2,A44,DIRECT,Large,Liquid,2020-11-01,29.257,2020,11,155
NTM2,X1,A9,DIRECT,Large,Powder,2021-05-01,148.396,2021,5,1018
NTM2,X1,A2,DIRECT,Large,Powder,2020-07-01,157.216,2020,7,540
NTM2,X1,A9,DIRECT,Large,Powder,2021-02-01,155.839,2021,2,548
NTM1,X1,A8,DIRECT,Large,Liquid,2021-04-01,149.359,2021,4,485
NTM1,X2,A30,RETAIL,Small,Powder,2021-05-01,41.04,2021,5,265
NTM1,X1,A10,DIRECT,Large,Powder,2021-05-01,156.789,2021,5,520
NTM2,X1,A8,DIRECT,Large,Liquid,2021-01-01,153.762,2021,1,337
NTM1,X1,A9,DIRECT,Large,Powder,2021-04-01,151.533,2021,4,382
NTM1,X2,A45,DIRECT,Large,Powder,2020-10-01,26.202,2020,10,216
NTM1,X1,A2,ECOM,Small,Powder,2021-05-01,174.828,2021,5,169
NTM1,X1,A7,ECOM,Small,Powder,2021-03-01,141.465,2021,3,482
NTM1,X1,A7,ECOM,Small,Powder,2020-09-01,138.404,2020,9,173
NTM1,X1,A9,DIRECT,Large,Liquid,2021-01-01,146.295,2021,1,93
NTM1,X1,A7,DIRECT,Large,Liquid,2021-01-01,168.215,2021,1,80
NTM1,X1,A4,DIRECT,Large,Powder,2020-11-01,138.165,2020,11,678
NTM1,X1,A10,DIRECT,Large,Powder,2021-04-01,149.485,2021,4,431
NTM1,X2,A31,DIRECT,Large,Liquid,2020-12-01,0.0,2020,12,142
NTM2,X2,A25,DIRECT,Small,Powder,2020-11-01,6.773,2020,11,356
NTM2,X1,A7,ECOM,Large,Powder,2020-11-01,140.449,2020,11,1906
NTM2,X1,A4,DIRECT,Large,Powder,2020-08-01,135.867,2020,8,448
NTM1,X1,A29,DIRECT,Small,Powder,2020-09-01,56.519,2020,9,75
NTM2,X1,A37,DIRECT,Small,Powder,2020-12-01,180.0,2020,12,50
NTM1,X1,A7,DIRECT,Large,Liquid,2020-11-01,168.72,2020,11,207
NTM2,X1,A9,DIRECT,Large,Powder,2020-12-01,144.397,2020,12,498
NTM1,X1,A4,DIRECT,Large,Powder,2020-08-01,135.867,2020,8,324
NTM1,X1,A2,DIRECT,Large,Powder,2021-03-01,171.28,2021,3,371
NTM2,X1,A6,DIRECT,Large,Powder,2021-04-01,145.195,2021,4,510
NTM3,X1,A18,WHOLESALE,Small,Powder,2021-03-01,105.583,2021,3,1172
NTM1,X1,A10,ECOM,Large,Powder,2020-12-01,143.851,2020,12,499
NTM1,X2,A45,DIRECT,Large,Powder,2021-03-01,26.137,2021,3,426
NTM1,X1,A8,DIRECT,Large,Liquid,2021-03-01,149.256,2021,3,469
NTM1,X1,A8,DIRECT,Large,Liquid,2020-11-01,141.576,2020,11,431
NTM3,X1,A18,RETAIL,Large,Liquid,2021-04-01,157.494,2021,4,742
NTM1,X2,A30,RETAIL,Small,Powder,2020-08-01,42.103,2020,8,271
NTM2,X1,A32,RETAIL,Small,Powder,2021-03-01,127.68,2021,3,6
NTM1,X1,A34,DIRECT,Small,Powder,2020-08-01,94.699,2020,8,612
NTM1,X1,A7,DIRECT,Large,Powder,2021-01-01,164.076,2021,1,203
NTM1,X1,A34,DIRECT,Small,Powder,2020-09-01,95.0,2020,9,516
NTM1,X1,A28,DIRECT,Small,Powder,2020-11-01,0.0,2020,11,370
NTM1,X2,A46,RETAIL,Large,Powder,2020-11-01,68.0,2020,11,158
NTM3,X1,A18,RETAIL,Large,Liquid,2021-05-01,158.594,2021,5,461
NTM2,X2,A25,DIRECT,Small,Powder,2021-02-01,64.324,2021,2,289
NTM3,X1,A18,WHOLESALE,Small,Powder,2021-01-01,106.875,2021,1,348
NTM1,X2,A45,DIRECT,Large,Powder,2021-04-01,26.132,2021,4,519
NTM2,X1,A4,DIRECT,Large,Powder,2020-10-01,133.445,2020,10,647
NTM2,X1,A6,DIRECT,Large,Powder,2021-02-01,142.608,2021,2,566
NTM2,X1,A4,DIRECT,Large,Powder,2021-05-01,142.365,2021,5,546
NTM1,X2,A44,DIRECT,Large,Liquid,2020-07-01,0.0,2020,7,162
NTM2,X1,A7,ECOM,Large,Powder,2021-01-01,142.754,2021,1,813
NTM3,X1,A11,DIRECT,Large,Powder,2020-07-01,132.193,2020,7,109
NTM1,X1,A34,DIRECT,Small,Powder,2021-02-01,89.242,2021,2,209
NTM1,X2,A30,RETAIL,Small,Powder,2020-10-01,42.452,2020,10,94
NTM2,X1,A28,DIRECT,Large,Liquid,2020-10-01,195.794,2020,10,329
NTM1,X1,A9,DIRECT,Large,Powder,2020-10-01,134.282,2020,10,168
NTM3,X1,A10,ECOM,Large,Powder,2021-04-01,139.446,2021,4,279
NTM2,X1,A6,DIRECT,Large,Powder,2020-08-01,136.091,2020,8,501
NTM1,X2,A31,DIRECT,Large,Liquid,2020-11-01,-0.0010000000000116,2020,11,143
NTM2,X1,A29,DIRECT,Small,Powder,2020-11-01,56.52,2020,11,585
NTM1,X1,A34,DIRECT,Small,Powder,2021-04-01,93.967,2021,4,414
NTM3,X1,A35,DIRECT,Small,Liquid,2020-07-01,42.8,2020,7,454
NTM1,X1,A2,ECOM,Small,Powder,2020-12-01,173.159,2020,12,507
NTM2,X1,A19,DIRECT,Large,Powder,2021-03-01,179.003,2021,3,65
NTM2,X1,A7,DIRECT,Large,Liquid,2020-12-01,146.613,2020,12,270
NTM1,X1,A7,DIRECT,Large,Powder,2021-03-01,157.481,2021,3,260
NTM1,X2,A44,DIRECT,Large,Liquid,2021-05-01,21.559,2021,5,248
NTM1,X1,A2,DIRECT,Large,Powder,2020-07-01,156.951,2020,7,149
NTM1,X1,A28,DIRECT,Small,Powder,2021-02-01,49.181,2021,2,363
NTM1,X2,A39,DIRECT,Large,Liquid,2020-11-01,31.38,2020,11,177
NTM2,X1,A8,DIRECT,Large,Liquid,2021-02-01,148.339,2021,2,280
NTM2,X1,A7,ECOM,Large,Powder,2021-02-01,141.394,2021,2,919
NTM2,X1,A7,DIRECT,Large,Liquid,2021-01-01,143.884,2021,1,309
NTM1,X1,A4,DIRECT,Large,Powder,2020-10-01,133.445,2020,10,305
NTM1,X1,A2,DIRECT,Large,Powder,2020-08-01,161.123,2020,8,244
NTM1,X1,A2,DIRECT,Large,Powder,2020-11-01,120.682,2020,11,609
NTM2,X1,A4,DIRECT,Large,Powder,2020-09-01,139.26,2020,9,703
NTM2,X2,A25,DIRECT,Small,Powder,2020-09-01,7.683,2020,9,380
NTM2,X1,A6,DIRECT,Large,Powder,2020-10-01,135.101,2020,10,536
NTM1,X1,A28,DIRECT,Small,Powder,2021-04-01,44.367,2021,4,263
NTM1,X2,A39,DIRECT,Large,Liquid,2020-10-01,31.454,2020,10,161
NTM1,X1,A7,ECOM,Small,Powder,2021-05-01,142.365,2021,5,488
NTM2,X1,A6,DIRECT,Large,Liquid,2020-11-01,143.64,2020,11,235
NTM1,X1,A7,DIRECT,Large,Powder,2021-05-01,142.365,2021,5,107
NTM1,X1,A7,ECOM,Small,Powder,2020-10-01,136.021,2020,10,95
NTM1,X2,A46,RETAIL,Large,Powder,2021-03-01,70.0,2021,3,311
NTM1,X1,A7,DIRECT,Large,Liquid,2020-12-01,151.616,2020,12,208
NTM3,X1,A35,DIRECT,Small,Liquid,2021-05-01,38.52,2021,5,353
NTM2,X1,A4,DIRECT,Large,Powder,2020-12-01,143.592,2020,12,725
NTM2,X1,A4,DIRECT,Large,Powder,2021-01-01,141.906,2021,1,763
NTM2,X1,A7,ECOM,Small,Powder,2021-01-01,140.83,2021,1,239
NTM2,X1,A4,DIRECT,Large,Powder,2020-11-01,139.421,2020,11,1110
NTM2,X1,A37,DIRECT,Large,Powder,2021-01-01,150.0,2021,1,179
NTM1,X1,A7,ECOM,Small,Powder,2020-11-01,145.569,2020,11,612
NTM2,X1,A28,DIRECT,Large,Liquid,2020-08-01,196.828,2020,8,217
NTM2,X1,A2,DIRECT,Large,Powder,2020-08-01,160.804,2020,8,379
NTM2,X1,A2,DIRECT,Large,Powder,2021-03-01,171.452,2021,3,694
NTM2,X1,A8,DIRECT,Large,Liquid,2020-11-01,160.283,2020,11,389
NTM1,X1,A34,DIRECT,Small,Powder,2021-03-01,95.0,2021,3,444
NTM2,X1,A2,DIRECT,Large,Powder,2021-02-01,174.502,2021,2,500
NTM1,X1,A4,DIRECT,Large,Powder,2021-03-01,141.583,2021,3,648
NTM2,X1,A28,DIRECT,Large,Liquid,2021-04-01,216.108,2021,4,378
NTM1,X2,A30,RETAIL,Small,Powder,2021-04-01,16.74,2021,4,319
NTM3,X1,A28,WHOLESALE,Large,Powder,2020-12-01,16.693,2020,12,231
NTM1,X1,A2,ECOM,Small,Powder,2020-11-01,123.675,2020,11,342
NTM3,X1,A18,RETAIL,Large,Liquid,2021-02-01,157.47,2021,2,713
NTM3,X1,A10,ECOM,Large,Powder,2021-02-01,143.45,2021,2,136
NTM2,X1,A7,ECOM,Small,Powder,2020-11-01,220.581,2020,11,850
NTM2,X1,A7,ECOM,Large,Powder,2021-05-01,143.734,2021,5,790
NTM3,X1,A18,RETAIL,Large,Liquid,2020-09-01,154.971,2020,9,547
NTM1,X1,A9,DIRECT,Large,Liquid,2020-10-01,136.192,2020,10,176
NTM3,X1,A11,DIRECT,Large,Powder,2020-11-01,112.357,2020,11,236
NTM3,X1,A18,RETAIL,Large,Liquid,2021-01-01,159.092,2021,1,553
NTM3,X1,A35,DIRECT,Small,Liquid,2021-02-01,42.8,2021,2,385
NTM2,X2,A25,DIRECT,Small,Powder,2020-12-01,64.33,2020,12,335
NTM1,X2,A39,DIRECT,Large,Liquid,2021-04-01,31.871,2021,4,190
NTM1,X1,A28,DIRECT,Small,Powder,2021-01-01,49.936,2021,1,415
NTM1,X1,A7,DIRECT,Large,Powder,2021-02-01,150.005,2021,2,604
NTM1,X2,A45,DIRECT,Large,Powder,2020-08-01,25.863,2020,8,151
NTM1,X1,A9,DIRECT,Large,Powder,2021-02-01,150.062,2021,2,776
NTM1,X1,A8,DIRECT,Large,Liquid,2020-10-01,135.764,2020,10,319
NTM1,X2,A31,DIRECT,Large,Liquid,2021-03-01,-0.000999999999999446,2021,3,238
NTM2,X1,A2,DIRECT,Large,Liquid,2021-04-01,174.543,2021,4,316
NTM3,X1,A18,RETAIL,Large,Liquid,2020-07-01,149.682,2020,7,606
NTM2,X1,A4,DIRECT,Large,Powder,2020-07-01,134.528,2020,7,553
NTM3,X1,A28,WHOLESALE,Large,Powder,2020-11-01,11.0,2020,11,188
NTM1,X1,A10,ECOM,Large,Powder,2021-05-01,149.964,2021,5,172
NTM1,X2,A39,DIRECT,Large,Liquid,2021-03-01,31.38,2021,3,307
NTM2,X1,A29,DIRECT,Small,Powder,2021-02-01,83.693,2021,2,557
NTM2,X1,A29,DIRECT,Small,Powder,2021-04-01,56.52,2021,4,535
NTM1,X1,A7,ECOM,Small,Powder,2020-12-01,170.205,2020,12,348
NTM3,X1,A35,DIRECT,Small,Liquid,2020-11-01,73.371,2020,11,463
NTM3,X2,A20,DIRECT,Large,Powder,2021-02-01,23.593,2021,2,296
NTM2,X1,A6,DIRECT,Large,Powder,2021-01-01,141.906,2021,1,505
NTM2,X1,A41,WHOLESALE,Small,Powder,2021-05-01,134.002,2021,5,106
NTM1,X1,A9,DIRECT,Large,Powder,2020-08-01,152.832,2020,8,274
NTM2,X1,A19,DIRECT,Large,Powder,2020-07-01,104.098,2020,7,863
NTM2,X2,A25,DIRECT,Small,Powder,2020-07-01,128.709,2020,7,461
NTM2,X1,A37,DIRECT,Large,Powder,2020-07-01,180.0,2020,7,90
NTM3,X1,A35,DIRECT,Small,Liquid,2021-04-01,25.68,2021,4,463
NTM3,X1,A8,DIRECT,Small,Powder,2021-02-01,97.697,2021,2,172
NTM1,X2,A31,DIRECT,Large,Liquid,2020-10-01,2.04350425470068e-15,2020,10,139
NTM2,X1,A2,DIRECT,Large,Powder,2020-09-01,154.485,2020,9,568
NTM3,X2,A20,DIRECT,Large,Powder,2020-11-01,91.185,2020,11,244
NTM2,X1,A37,DIRECT,Small,Powder,2021-04-01,180.0,2021,4,52
NTM1,X1,A7,DIRECT,Large,Liquid,2021-03-01,152.378,2021,3,211
NTM1,X2,A31,DIRECT,Large,Liquid,2021-02-01,0.0,2021,2,114
NTM3,X1,A18,RETAIL,Large,Liquid,2020-08-01,153.15,2020,8,480
NTM2,X1,A6,DIRECT,Large,Powder,2021-03-01,142.112,2021,3,325
NTM1,X1,A10,ECOM,Large,Powder,2021-03-01,149.624,2021,3,420
NTM2,X1,A4,DIRECT,Large,Powder,2021-02-01,142.609,2021,2,510
NTM2,X1,A6,DIRECT,Large,Powder,2020-07-01,136.469,2020,7,488
NTM2,X1,A28,DIRECT,Large,Liquid,2021-05-01,216.429,2021,5,338
NTM3,X1,A18,RETAIL,Large,Liquid,2021-03-01,153.525,2021,3,449
NTM2,X1,A4,DIRECT,Large,Powder,2021-04-01,143.918,2021,4,406
NTM3,X1,A18,WHOLESALE,Small,Powder,2020-08-01,103.352,2020,8,214
NTM3,X1,A8,DIRECT,Small,Powder,2021-04-01,145.495,2021,4,203
NTM1,X1,A9,DIRECT,Large,Powder,2021-05-01,146.982,2021,5,258
NTM1,X1,A2,ECOM,Small,Powder,2021-03-01,171.563,2021,3,344
NTM2,X1,A8,DIRECT,Large,Liquid,2020-07-01,132.537,2020,7,125
NTM1,X1,A9,DIRECT,Large,Powder,2020-11-01,139.728,2020,11,305
NTM1,X1,A9,DIRECT,Large,Liquid,2020-07-01,137.644,2020,7,132
NTM2,X1,A7,DIRECT,Large,Liquid,2020-09-01,133.632,2020,9,161
NTM1,X1,A7,DIRECT,Large,Liquid,2021-05-01,143.734,2021,5,133
NTM3,X1,A18,RETAIL,Large,Liquid,2020-10-01,152.432,2020,10,618
NTM2,X1,A8,DIRECT,Large,Liquid,2021-03-01,154.184,2021,3,396
NTM2,X1,A7,DIRECT,Large,Liquid,2020-08-01,136.091,2020,8,137
NTM3,X1,A8,DIRECT,Small,Powder,2020-09-01,134.245,2020,9,143
NTM3,X1,A10,ECOM,Large,Powder,2021-05-01,140.826,2021,5,167
NTM2,X2,A25,DIRECT,Small,Powder,2020-08-01,0.008,2020,8,309
NTM2,X1,A2,DIRECT,Large,Liquid,2020-10-01,163.617,2020,10,21
NTM2,X1,A2,DIRECT,Large,Powder,2020-10-01,160.409,2020,10,589
NTM1,X1,A4,DIRECT,Large,Powder,2021-01-01,141.906,2021,1,332
NTM1,X1,A10,ECOM,Large,Powder,2021-02-01,150.599,2021,2,386
NTM3,X1,A18,WHOLESALE,Small,Powder,2020-11-01,104.529,2020,11,130
NTM2,X1,A9,DIRECT,Large,Powder,2021-03-01,145.397,2021,3,370
NTM3,X1,A10,ECOM,Large,Powder,2020-12-01,131.807,2020,12,206
NTM2,X1,A9,DIRECT,Large,Powder,2021-01-01,146.437,2021,1,262
NTM1,X1,A4,DIRECT,Large,Powder,2020-09-01,134.369,2020,9,366
NTM1,X1,A34,DIRECT,Small,Powder,2021-05-01,95.0,2021,5,612
NTM2,X1,A9,DIRECT,Large,Powder,2020-07-01,138.284,2020,7,512
NTM2,X1,A28,DIRECT,Large,Liquid,2020-09-01,196.685,2020,9,335
NTM1,X1,A2,ECOM,Small,Powder,2021-02-01,174.994,2021,2,294
NTM2,X1,A37,DIRECT,Large,Powder,2020-08-01,180.0,2020,8,2
NTM2,X1,A6,DIRECT,Large,Liquid,2021-02-01,142.609,2021,2,122
NTM2,X1,A7,DIRECT,Large,Liquid,2020-07-01,133.002,2020,7,133
NTM2,X1,A19,DIRECT,Large,Powder,2020-10-01,109.583,2020,10,745
NTM1,X1,A9,DIRECT,Large,Powder,2021-03-01,146.72,2021,3,246
NTM1,X1,A4,DIRECT,Large,Powder,2020-07-01,137.457,2020,7,271
NTM2,X1,A29,DIRECT,Small,Powder,2021-05-01,56.522,2021,5,345
NTM1,X1,A4,DIRECT,Large,Powder,2021-02-01,147.635,2021,2,168
NTM3,X1,A18,WHOLESALE,Small,Powder,2021-04-01,105.303,2021,4,470
NTM2,X1,A7,DIRECT,Large,Liquid,2021-02-01,145.918,2021,2,227
NTM1,X1,A28,DIRECT,Small,Powder,2021-03-01,49.004,2021,3,227
NTM3,X1,A8,DIRECT,Small,Powder,2020-12-01,68.67,2020,12,200
NTM1,X1,A7,DIRECT,Large,Powder,2020-10-01,136.021,2020,10,542
NTM3,X1,A8,DIRECT,Small,Powder,2020-11-01,48.412,2020,11,251
NTM1,X1,A34,DIRECT,Small,Powder,2021-01-01,91.95,2021,1,343
NTM2,X2,A25,DIRECT,Small,Powder,2020-10-01,58.977,2020,10,282
NTM2,X1,A32,RETAIL,Large,Powder,2021-05-01,100.184,2021,5,84
NTM2,X1,A28,DIRECT,Large,Liquid,2021-03-01,212.984,2021,3,184
NTM3,X1,A35,DIRECT,Small,Liquid,2020-09-01,42.8,2020,9,344
NTM2,X1,A2,DIRECT,Large,Powder,2021-01-01,173.443,2021,1,585
NTM2,X2,A25,DIRECT,Small,Powder,2021-05-01,71.087,2021,5,308
NTM2,X1,A6,DIRECT,Large,Liquid,2021-04-01,143.918,2021,4,200
NTM1,X2,A39,DIRECT,Large,Liquid,2021-02-01,31.476,2021,2,142
NTM1,X2,A31,DIRECT,Large,Liquid,2020-08-01,0.0,2020,8,128
NTM2,X1,A4,DIRECT,Large,Powder,2021-03-01,142.111,2021,3,557
NTM1,X2,A45,DIRECT,Large,Powder,2020-12-01,27.215,2020,12,329
NTM1,X1,A7,ECOM,Small,Powder,2021-01-01,142.755,2021,1,345
NTM1,X2,A44,DIRECT,Large,Liquid,2020-12-01,11.649,2020,12,225
NTM3,X1,A35,DIRECT,Small,Liquid,2020-12-01,57.906,2020,12,459
NTM2,X1,A29,DIRECT,Small,Powder,2020-12-01,76.378,2020,12,684
NTM1,X2,A39,DIRECT,Large,Liquid,2020-12-01,31.776,2020,12,143
NTM1,X2,A39,DIRECT,Large,Liquid,2021-05-01,31.516,2021,5,128
NTM1,X2,A44,DIRECT,Large,Liquid,2021-02-01,133.122,2021,2,181
NTM3,X2,A20,DIRECT,Large,Powder,2021-01-01,47.165,2021,1,151
NTM2,X1,A9,DIRECT,Large,Powder,2020-11-01,140.833,2020,11,550
NTM1,X1,A4,DIRECT,Large,Powder,2021-05-01,144.391,2021,5,427
NTM1,X2,A46,RETAIL,Large,Powder,2020-12-01,68.0,2020,12,284
NTM2,X1,A6,DIRECT,Large,Powder,2021-05-01,144.391,2021,5,309
NTM1,X1,A7,DIRECT,Large,Powder,2020-07-01,133.002,2020,7,150
NTM2,X1,A37,DIRECT,Small,Powder,2021-02-01,180.0,2021,2,53
NTM2,X1,A7,ECOM,Small,Powder,2021-02-01,140.746,2021,2,232
NTM2,X1,A8,DIRECT,Large,Liquid,2021-05-01,156.939,2021,5,348
NTM1,X1,A28,DIRECT,Small,Powder,2021-05-01,48.88,2021,5,488
NTM2,X1,A29,DIRECT,Small,Powder,2020-08-01,56.52,2020,8,510
NTM1,X2,A30,RETAIL,Small,Powder,2020-09-01,42.329,2020,9,238
NTM2,X1,A9,DIRECT,Large,Powder,2021-04-01,158.548,2021,4,428
NTM1,X1,A2,DIRECT,Large,Powder,2021-05-01,158.528,2021,5,473
NTM1,X1,A34,DIRECT,Small,Powder,2020-10-01,95.0,2020,10,323
NTM1,X1,A29,DIRECT,Small,Powder,2020-08-01,56.52,2020,8,55
NTM1,X1,A8,DIRECT,Large,Liquid,2020-12-01,143.851,2020,12,278
NTM2,X1,A17,ECOM,Large,Powder,2021-05-01,65.398,2021,5,207
NTM1,X1,A8,DIRECT,Large,Liquid,2021-01-01,154.795,2021,1,274
NTM1,X1,A7,DIRECT,Large,Powder,2020-11-01,162.075,2020,11,475
NTM2,X1,A9,DIRECT,Large,Powder,2020-09-01,135.975,2020,9,691
NTM2,X1,A7,ECOM,Large,Powder,2021-04-01,141.812,2021,4,672
NTM2,X1,A8,DIRECT,Large,Liquid,2020-12-01,151.627,2020,12,469
NTM2,X1,A37,DIRECT,Large,Powder,2020-10-01,85.7139999999999,2020,10,88
NTM1,X1,A10,DIRECT,Large,Powder,2021-02-01,176.93,2021,2,391
NTM2,X1,A19,DIRECT,Large,Powder,2021-02-01,144.713,2021,2,50
NTM1,X2,A46,RETAIL,Large,Powder,2021-01-01,70.0,2021,1,216
NTM2,X2,A25,DIRECT,Small,Powder,2021-01-01,128.67,2021,1,328
NTM3,X1,A35,DIRECT,Small,Liquid,2020-08-01,42.8,2020,8,436
NTM1,X1,A28,DIRECT,Small,Powder,2020-10-01,0.0,2020,10,45
NTM1,X2,A46,RETAIL,Large,Powder,2020-10-01,68.0,2020,10,157
NTM1,X1,A7,ECOM,Small,Powder,2021-04-01,141.22,2021,4,290
NTM2,X2,A25,DIRECT,Small,Powder,2021-04-01,40.154,2021,4,327
NTM2,X1,A8,DIRECT,Large,Liquid,2020-10-01,144.488,2020,10,155
NTM3,X1,A18,WHOLESALE,Small,Powder,2021-05-01,108.151,2021,5,403
NTM1,X1,A2,DIRECT,Large,Powder,2020-12-01,149.928,2020,12,525
NTM2,X1,A28,DIRECT,Large,Liquid,2021-02-01,218.258,2021,2,315
NTM3,X1,A8,DIRECT,Small,Powder,2021-03-01,113.808,2021,3,187
NTM3,X2,A20,DIRECT,Large,Powder,2020-09-01,21.956,2020,9,132
NTM3,X1,A28,WHOLESALE,Large,Powder,2020-07-01,5.553,2020,7,60
NTM1,X1,A7,DIRECT,Large,Powder,2020-09-01,133.632,2020,9,355
NTM1,X1,A10,DIRECT,Large,Powder,2020-10-01,136.56,2020,10,403
NTM2,X2,A25,DIRECT,Small,Powder,2021-03-01,45.036,2021,3,410
NTM1,X1,A10,DIRECT,Large,Powder,2020-11-01,138.953,2020,11,385
NTM1,X1,A7,DIRECT,Large,Liquid,2021-04-01,141.22,2021,4,275
NTM2,X1,A2,DIRECT,Large,Powder,2021-05-01,178.889,2021,5,414
NTM3,X1,A28,WHOLESALE,Large,Powder,2021-04-01,10.503,2021,4,164
NTM3,X1,A28,WHOLESALE,Large,Powder,2021-02-01,102.4,2021,2,45
NTM2,X1,A28,DIRECT,Large,Liquid,2020-07-01,237.674,2020,7,171
NTM2,X1,A6,DIRECT,Large,Liquid,2021-05-01,144.391,2021,5,118
NTM2,X1,A37,DIRECT,Small,Powder,2021-05-01,180.0,2021,5,31
NTM1,X1,A10,ECOM,Large,Powder,2021-04-01,152.161,2021,4,298
NTM1,X1,A10,DIRECT,Large,Powder,2021-01-01,164.333,2021,1,251
NTM2,X1,A37,DIRECT,Small,Powder,2021-01-01,180.0,2021,1,46
NTM1,X1,A10,DIRECT,Large,Powder,2021-03-01,147.209,2021,3,338
NTM1,X2,A30,RETAIL,Small,Powder,2021-03-01,35.763,2021,3,441
NTM1,X1,A7,ECOM,Small,Powder,2020-08-01,136.83,2020,8,201
NTM1,X2,A39,DIRECT,Large,Liquid,2020-07-01,31.178,2020,7,160
NTM1,X1,A9,DIRECT,Large,Liquid,2020-09-01,140.149,2020,9,113
NTM1,X2,A44,DIRECT,Large,Liquid,2021-04-01,10.494,2021,4,265
NTM1,X2,A31,DIRECT,Large,Liquid,2021-05-01,86.672,2021,5,121
NTM2,X1,A2,DIRECT,Large,Liquid,2021-03-01,175.446,2021,3,168
NTM3,X1,A8,DIRECT,Small,Powder,2021-05-01,102.628,2021,5,187
NTM1,X2,A46,RETAIL,Large,Powder,2020-08-01,68.0,2020,8,82
NTM3,X1,A28,WHOLESALE,Large,Powder,2020-09-01,30.884,2020,9,193
NTM1,X2,A44,DIRECT,Large,Liquid,2021-01-01,4.841,2021,1,191
NTM2,X1,A17,ECOM,Large,Powder,2021-04-01,62.864,2021,4,203
NTM1,X1,A2,DIRECT,Large,Powder,2021-02-01,174.502,2021,2,474
NTM2,X1,A29,DIRECT,Small,Powder,2020-09-01,56.52,2020,9,592
NTM2,X1,A7,DIRECT,Large,Liquid,2020-11-01,137.889,2020,11,169
NTM1,X2,A46,RETAIL,Large,Powder,2020-09-01,68.0,2020,9,80
NTM1,X1,A7,DIRECT,Large,Powder,2021-04-01,143.464,2021,4,346
NTM1,X1,A9,DIRECT,Large,Liquid,2020-08-01,136.582,2020,8,129
NTM1,X1,A10,ECOM,Large,Powder,2020-11-01,145.677,2020,11,90
NTM1,X1,A29,DIRECT,Small,Powder,2020-07-01,56.52,2020,7,93
NTM3,X1,A35,DIRECT,Small,Liquid,2021-03-01,198.894,2021,3,492
NTM1,X1,A9,DIRECT,Large,Liquid,2021-02-01,150.062,2021,2,125
NTM2,X1,A28,DIRECT,Large,Liquid,2021-01-01,212.905,2021,1,312
NTM2,X1,A37,DIRECT,Large,Powder,2021-02-01,180.0,2021,2,108
NTM2,X1,A17,ECOM,Large,Powder,2021-02-01,65.0,2021,2,136
NTM1,X1,A2,DIRECT,Large,Powder,2020-09-01,157.858,2020,9,454
NTM1,X2,A30,RETAIL,Small,Powder,2020-12-01,40.191,2020,12,95
NTM1,X2,A45,DIRECT,Large,Powder,2020-11-01,26.935,2020,11,370
NTM1,X2,A45,DIRECT,Large,Powder,2021-01-01,12.504,2021,1,325
NTM2,X1,A7,ECOM,Small,Powder,2021-05-01,144.391,2021,5,300
NTM1,X1,A34,DIRECT,Small,Powder,2020-07-01,95.0,2020,7,474
NTM1,X1,A9,DIRECT,Large,Liquid,2020-11-01,138.391,2020,11,186
NTM1,X1,A10,DIRECT,Large,Powder,2020-12-01,149.708,2020,12,304
NTM3,X1,A18,RETAIL,Large,Liquid,2020-12-01,159.106,2020,12,402
NTM2,X1,A38,RETAIL,Large,Powder,2020-12-01,200.0,2020,12,65
NTM1,X1,A34,DIRECT,Small,Powder,2020-12-01,95.0,2020,12,208
NTM1,X1,A4,DIRECT,Large,Powder,2020-12-01,147.773,2020,12,560
NTM2,X1,A17,ECOM,Large,Powder,2021-01-01,65.43,2021,1,159
NTM2,X1,A28,DIRECT,Large,Liquid,2020-12-01,196.773,2020,12,210
NTM2,X1,A17,ECOM,Large,Powder,2021-03-01,60.549,2021,3,178
NTM3,X2,A20,DIRECT,Large,Powder,2021-05-01,8.299,2021,5,196
NTM2,X1,A19,DIRECT,Large,Powder,2021-05-01,143.895,2021,5,94
NTM3,X1,A10,ECOM,Large,Powder,2021-01-01,135.718,2021,1,257
NTM1,X1,A2,DIRECT,Large,Powder,2020-10-01,159.436,2020,10,244
NTM1,X2,A39,DIRECT,Large,Liquid,2020-09-01,31.438,2020,9,133
NTM1,X2,A44,DIRECT,Large,Liquid,2020-08-01,38.638,2020,8,70
NTM2,X1,A19,DIRECT,Large,Powder,2020-12-01,110.065,2020,12,88
NTM3,X1,A11,DIRECT,Large,Powder,2021-05-01,50.857,2021,5,124
NTM3,X1,A8,DIRECT,Small,Powder,2020-08-01,131.793,2020,8,76
NTM2,X1,A7,ECOM,Small,Powder,2021-04-01,143.969,2021,4,197
NTM1,X2,A45,DIRECT,Large,Powder,2020-07-01,26.04,2020,7,83
NTM3,X1,A10,ECOM,Large,Powder,2021-03-01,115.469,2021,3,205
NTM1,X1,A29,DIRECT,Small,Powder,2020-12-01,71.106,2020,12,65
NTM3,X2,A20,DIRECT,Large,Powder,2020-07-01,101.966,2020,7,156
NTM2,X1,A2,DIRECT,Large,Liquid,2021-05-01,168.859,2021,5,122
NTM1,X2,A30,RETAIL,Small,Powder,2020-07-01,42.021,2020,7,173
NTM1,X2,A30,RETAIL,Small,Powder,2021-01-01,18.01,2021,1,88
NTM2,X1,A19,DIRECT,Large,Powder,2020-11-01,125.077,2020,11,193
NTM3,X1,A28,WHOLESALE,Large,Powder,2021-03-01,42.356,2021,3,125
NTM2,X1,A9,DIRECT,Large,Powder,2020-08-01,137.549,2020,8,309
NTM1,X1,A2,DIRECT,Large,Powder,2021-04-01,157.044,2021,4,390
NTM1,X1,A9,DIRECT,Large,Powder,2020-07-01,137.48,2020,7,290
NTM1,X1,A2,ECOM,Small,Powder,2021-04-01,175.446,2021,4,251
NTM1,X1,A9,DIRECT,Large,Liquid,2021-03-01,145.397,2021,3,75
NTM3,X1,A28,WHOLESALE,Large,Powder,2020-08-01,15.899,2020,8,233
NTM2,X1,A7,DIRECT,Large,Liquid,2021-05-01,142.365,2021,5,73
NTM2,X1,A7,DIRECT,Large,Liquid,2021-04-01,143.734,2021,4,104
NTM1,X1,A29,DIRECT,Small,Powder,2021-03-01,108.33,2021,3,75
NTM2,X1,A6,DIRECT,Large,Powder,2020-09-01,138.632,2020,9,322
NTM1,X2,A45,DIRECT,Large,Powder,2021-05-01,25.464,2021,5,297
NTM1,X1,A8,DIRECT,Large,Liquid,2021-05-01,153.327,2021,5,410
NTM1,X2,A31,DIRECT,Large,Liquid,2020-09-01,-7.105427357601e-15,2020,9,139
NTM2,X1,A37,DIRECT,Large,Powder,2021-03-01,180.0,2021,3,139
NTM2,X1,A8,DIRECT,Large,Liquid,2020-08-01,153.842,2020,8,160
NTM1,X1,A9,DIRECT,Large,Liquid,2021-05-01,149.075,2021,5,136
NTM1,X1,A29,DIRECT,Small,Powder,2021-01-01,772.44,2021,1,40
NTM2,X1,A17,ECOM,Large,Powder,2020-11-01,67.099,2020,11,129
NTM1,X2,A45,DIRECT,Large,Powder,2020-09-01,25.836,2020,9,182
NTM3,X1,A11,DIRECT,Large,Powder,2020-12-01,22.299,2020,12,160
NTM1,X1,A2,ECOM,Small,Powder,2021-01-01,173.082,2021,1,237
NTM1,X2,A31,DIRECT,Large,Liquid,2021-04-01,102.953,2021,4,122
NTM2,X1,A2,DIRECT,Large,Liquid,2020-07-01,160.534,2020,7,25
NTM1,X2,A44,DIRECT,Large,Liquid,2021-03-01,3.455,2021,3,314
NTM1,X1,A7,ECOM,Small,Powder,2020-07-01,136.256,2020,7,163
NTM1,X1,A9,DIRECT,Large,Liquid,2020-12-01,143.727,2020,12,149
NTM2,X1,A7,DIRECT,Large,Liquid,2020-10-01,136.021,2020,10,76
NTM1,X1,A9,DIRECT,Large,Liquid,2021-04-01,145.705,2021,4,179
NTM3,X1,A18,WHOLESALE,Small,Powder,2020-12-01,107.619,2020,12,174
NTM1,X1,A29,DIRECT,Small,Powder,2021-05-01,56.52,2021,5,107
NTM2,X1,A37,DIRECT,Large,Powder,2021-05-01,24.0,2021,5,116
NTM2,X1,A37,DIRECT,Small,Powder,2021-03-01,118.286,2021,3,76
NTM3,X2,A20,DIRECT,Large,Powder,2020-10-01,117.626,2020,10,90
NTM1,X2,A46,RETAIL,Large,Powder,2021-02-01,70.0,2021,2,58
NTM2,X1,A37,DIRECT,Large,Powder,2020-12-01,180.0,2020,12,91
NTM2,X1,A2,DIRECT,Large,Liquid,2020-11-01,173.906,2020,11,33
NTM2,X1,A37,DIRECT,Large,Powder,2020-11-01,193.846,2020,11,118
NTM3,X1,A18,WHOLESALE,Small,Powder,2020-10-01,104.897,2020,10,105
NTM1,X1,A7,DIRECT,Large,Liquid,2020-10-01,136.02,2020,10,21
NTM2,X1,A6,DIRECT,Large,Liquid,2021-01-01,142.706,2021,1,87
NTM1,X1,A29,DIRECT,Small,Powder,2021-02-01,427.937,2021,2,56
NTM1,X1,A8,DIRECT,Large,Liquid,2020-09-01,139.415,2020,9,284
NTM3,X1,A11,DIRECT,Large,Powder,2021-04-01,140.139,2021,4,158
NTM3,X2,A20,DIRECT,Large,Powder,2021-04-01,56.125,2021,4,344
NTM1,X2,A46,RETAIL,Large,Powder,2021-04-01,65.139,2021,4,148
NTM3,X1,A11,DIRECT,Large,Powder,2021-02-01,141.975,2021,2,85
NTM3,X1,A11,DIRECT,Large,Powder,2020-08-01,134.431,2020,8,109
NTM1,X1,A29,DIRECT,Small,Powder,2020-11-01,56.519,2020,11,44
NTM3,X1,A11,DIRECT,Large,Powder,2020-10-01,132.442,2020,10,139
NTM1,X2,A46,RETAIL,Large,Powder,2021-05-01,70.0,2021,5,191
NTM2,X1,A6,DIRECT,Large,Liquid,2020-09-01,138.403,2020,9,20
NTM3,X1,A11,DIRECT,Large,Powder,2021-01-01,39.052,2021,1,208
NTM3,X1,A28,WHOLESALE,Large,Powder,2020-10-01,50.157,2020,10,39
NTM1,X1,A9,DIRECT,Large,Powder,2020-09-01,135.381,2020,9,96
NTM1,X1,A29,DIRECT,Small,Powder,2021-04-01,56.52,2021,4,107
NTM1,X2,A45,DIRECT,Large,Powder,2021-02-01,26.506,2021,2,147
NTM3,X1,A10,ECOM,Large,Powder,2020-11-01,114.497,2020,11,69
NTM3,X1,A18,WHOLESALE,Small,Powder,2020-07-01,103.989,2020,7,59
NTM2,X1,A7,ECOM,Small,Powder,2020-12-01,148.076,2020,12,258
NTM1,X1,A34,DIRECT,Small,Powder,2020-11-01,95.0,2020,11,94
NTM2,X1,A6,DIRECT,Large,Liquid,2021-03-01,142.111,2021,3,140
NTM1,X1,A8,DIRECT,Large,Liquid,2020-07-01,133.002,2020,7,286
NTM2,X1,A38,RETAIL,Large,Powder,2021-04-01,268.653,2021,4,90
NTM3,X1,A8,DIRECT,Small,Powder,2020-10-01,80.891,2020,10,165
NTM1,X2,A30,RETAIL,Small,Powder,2021-02-01,31.587,2021,2,231
NTM2,X1,A2,DIRECT,Large,Liquid,2020-08-01,161.446,2020,8,28
NTM3,X1,A28,WHOLESALE,Large,Powder,2021-01-01,4.814,2021,1,91
NTM1,X2,A31,DIRECT,Large,Liquid,2021-01-01,25.989,2021,1,58
NTM2,X1,A32,RETAIL,Large,Powder,2020-08-01,1.4210854715202e-14,2020,8,23
NTM1,X2,A44,DIRECT,Large,Liquid,2020-10-01,11.254,2020,10,117
NTM2,X1,A19,DIRECT,Large,Powder,2021-04-01,111.765,2021,4,124
NTM2,X1,A7,DIRECT,Large,Liquid,2021-03-01,141.583,2021,3,83
NTM2,X1,A37,DIRECT,Large,Powder,2021-04-01,180.0,2021,4,98
NTM2,X1,A8,DIRECT,Large,Liquid,2020-09-01,136.848,2020,9,106
NTM3,X1,A11,DIRECT,Large,Powder,2021-03-01,138.271,2021,3,50
NTM2,X1,A32,RETAIL,Small,Powder,2020-11-01,64.761,2020,11,22
NTM1,X1,A9,DIRECT,Large,Powder,2021-01-01,190.438,2021,1,183
NTM2,X1,A7,ECOM,Large,Powder,2020-08-01,136.09,2020,8,15
NTM3,X1,A18,WHOLESALE,Small,Powder,2020-09-01,104.165,2020,9,33
NTM3,X1,A8,DIRECT,Small,Powder,2021-01-01,51.351,2021,1,162
NTM2,X1,A32,RETAIL,Small,Powder,2020-12-01,65.405,2020,12,9
NTM1,X2,A46,RETAIL,Large,Powder,2020-07-01,68.0,2020,7,47
NTM1,X2,A31,DIRECT,Large,Liquid,2020-07-01,107.744,2020,7,135
NTM1,X2,A44,DIRECT,Large,Liquid,2020-09-01,13.55,2020,9,126
NTM1,X2,A39,DIRECT,Large,Liquid,2020-08-01,31.471,2020,8,121
NTM2,X1,A17,ECOM,Large,Powder,2020-12-01,74.84,2020,12,127
NTM2,X1,A19,DIRECT,Large,Powder,2021-01-01,144.54,2021,1,13
NTM2,X1,A37,DIRECT,Small,Powder,2020-07-01,180.0,2020,7,7
NTM2,X1,A38,RETAIL,Large,Powder,2021-03-01,146.538,2021,3,81
NTM2,X1,A2,DIRECT,Large,Liquid,2020-12-01,171.301,2020,12,31
NTM3,X2,A20,DIRECT,Large,Powder,2020-08-01,117.413,2020,8,123
NTM2,X1,A6,DIRECT,Large,Liquid,2020-10-01,136.022,2020,10,46
NTM3,X1,A11,DIRECT,Large,Powder,2020-09-01,130.101,2020,9,115
NTM2,X1,A32,RETAIL,Large,Powder,2020-10-01,95.296,2020,10,3
NTM2,X1,A6,DIRECT,Large,Liquid,2020-07-01,134.53,2020,7,13
NTM2,X1,A38,RETAIL,Large,Powder,2021-01-01,88.889,2021,1,23
NTM3,X1,A8,DIRECT,Small,Powder,2020-07-01,132.909,2020,7,68
NTM1,X1,A29,DIRECT,Small,Powder,2020-10-01,56.517,2020,10,40
NTM2,X1,A32,RETAIL,Small,Powder,2020-08-01,-3.02535774210355e-15,2020,8,6
NTM2,X1,A38,RETAIL,Large,Powder,2021-02-01,160.0,2021,2,43
NTM2,X1,A32,RETAIL,Small,Powder,2020-07-01,310.62,2020,7,12
NTM2,X1,A6,DIRECT,Large,Liquid,2020-08-01,140.23,2020,8,25
NTM2,X1,A32,RETAIL,Small,Powder,2021-05-01,0.0,2021,5,46
NTM2,X1,A32,RETAIL,Small,Powder,2020-09-01,63.847,2020,9,30
NTM3,X1,A10,ECOM,Large,Powder,2020-08-01,132.509,2020,8,13
NTM2,X1,A37,DIRECT,Small,Powder,2020-11-01,190.0,2020,11,45
NTM2,X1,A2,DIRECT,Large,Liquid,2021-02-01,174.196,2021,2,48
NTM2,X1,A37,DIRECT,Small,Powder,2020-08-01,180.0,2020,8,3
NTM2,X1,A2,DIRECT,Large,Liquid,2021-01-01,173.443,2021,1,50
NTM1,X1,A7,DIRECT,Large,Powder,2020-08-01,137.515,2020,8,22
NTM3,X1,A10,ECOM,Large,Powder,2020-09-01,134.032,2020,9,10
NTM2,X1,A7,ECOM,Large,Powder,2020-10-01,137.035,2020,10,8
NTM2,X1,A37,DIRECT,Small,Powder,2020-10-01,180.0,2020,10,31
NTM1,X1,A28,DIRECT,Small,Powder,2020-12-01,0.0,2020,12,50
NTM1,X1,A7,DIRECT,Large,Liquid,2020-09-01,133.632,2020,9,13
NTM2,X1,A2,DIRECT,Large,Liquid,2020-09-01,163.899,2020,9,33
NTM1,X2,A39,DIRECT,Large,Liquid,2021-01-01,31.513,2021,1,40
NTM2,X1,A38,RETAIL,Large,Powder,2020-10-01,200.0,2020,10,31
NTM2,X1,A38,RETAIL,Large,Powder,2021-05-01,201.49,2021,5,21
NTM2,X1,A38,RETAIL,Large,Powder,2020-11-01,200.0,2020,11,25
NTM2,X1,A41,WHOLESALE,Small,Powder,2021-01-01,142.233,2021,1,3
NTM2,X1,A7,ECOM,Small,Powder,2020-08-01,137.515,2020,8,9
NTM1,X1,A7,DIRECT,Large,Liquid,2020-07-01,133.0,2020,7,10
NTM2,X1,A37,DIRECT,Small,Powder,2020-09-01,180.0,2020,9,9
NTM1,X1,A28,DIRECT,Small,Powder,2020-08-01,0.0,2020,8,5
NTM1,X1,A7,DIRECT,Large,Liquid,2020-08-01,136.09,2020,8,7
NTM1,X1,A10,ECOM,Large,Powder,2020-09-01,173.29,2020,9,4
NTM2,X1,A7,ECOM,Small,Powder,2020-09-01,138.62,2020,9,8
NTM2,X1,A7,ECOM,Large,Powder,2020-09-01,138.623,2020,9,8
NTM2,X1,A32,RETAIL,Small,Powder,2020-10-01,57.399,2020,10,10
NTM2,X1,A7,ECOM,Small,Powder,2020-10-01,136.023,2020,10,10
NTM2,X1,A32,RETAIL,Large,Powder,2020-07-01,93.635,2020,7,2
NTM2,X1,A7,ECOM,Large,Powder,2020-07-01,136.256,2020,7,7
NTM2,X1,A7,ECOM,Small,Powder,2020-07-01,135.48,2020,7,6
NTM2,X1,A41,WHOLESALE,Small,Powder,2020-11-01,122.95,2020,11,3
NTM3,X1,A10,ECOM,Large,Powder,2020-07-01,131.5,2020,7,6
NTM2,X1,A41,WHOLESALE,Small,Powder,2021-03-01,138.85,2021,3,2
NTM2,X1,A32,RETAIL,Small,Powder,2021-01-01,65.55,2021,1,1
NTM2,X1,A41,WHOLESALE,Small,Powder,2020-12-01,0.0,2020,12,2
NTM2,X1,A32,RETAIL,Large,Powder,2020-09-01,95.56,2020,9,2
NTM2,X1,A32,RETAIL,Small,Powder,2021-02-01,65.56,2021,2,1
NTM2,X1,A41,WHOLESALE,Small,Powder,2021-02-01,141.78,2021,2,2
NTM2,X1,A32,RETAIL,Large,Powder,2021-02-01,98.277,2021,2,3
NTM2,X1,A38,RETAIL,Large,Powder,2020-08-01,200.0,2020,8,2
NTM2,X1,A32,RETAIL,Large,Powder,2021-04-01,0.0,2021,4,1
NTM2,X2,A31,DIRECT,Large,Powder,2021-05-01,0.037,2021,5,1692
NTM2,X1,A11,DIRECT,Small,Powder,2020-12-01,144.655,2020,12,1142
NTM2,X1,A5,DIRECT,Large,Powder,2020-08-01,137.515,2020,8,1178
NTM3,X1,A35,DIRECT,ExtraLarge,Powder,2020-12-01,57.0,2020,12,523
NTM3,X1,A28,DIRECT,Small,Powder,2020-10-01,14.33,2020,10,2012
NTM1,X1,A7,ECOM,Large,Powder,2021-04-01,139.777,2021,4,549
NTM3,X1,A28,DIRECT,Small,Powder,2020-08-01,47.495,2020,8,2772
NTM3,X3,A22,RETAIL,Large,Powder,2020-08-01,54.562,2020,8,734
NTM2,X1,A3,DIRECT,Small,Powder,2020-11-01,139.9,2020,11,1189
NTM1,X1,A8,DIRECT,Large,Powder,2020-11-01,139.722,2020,11,1616
NTM1,X2,A12,DIRECT,Large,Powder,2020-10-01,36.87,2020,10,1126
NTM2,X2,A45,DIRECT,Large,Powder,2021-01-01,27.159,2021,1,628
NTM2,X2,A44,RETAIL,Large,Powder,2020-10-01,8.036,2020,10,1478
NTM2,X2,A44,RETAIL,Large,Powder,2020-09-01,8.169,2020,9,1180
NTM2,X2,A31,DIRECT,Large,Powder,2021-04-01,-0.00100000000000011,2021,4,781
NTM3,X1,A24,DIRECT,Small,Powder,2021-03-01,206.859,2021,3,1461
NTM1,X1,A8,DIRECT,Large,Powder,2020-12-01,149.991,2020,12,1130
NTM2,X1,A28,DIRECT,Small,Powder,2020-08-01,98.49,2020,8,1032
NTM2,X1,A28,DIRECT,Small,Powder,2020-07-01,100.454,2020,7,1107
NTM3,X1,A8,DIRECT,Large,Powder,2021-03-01,141.291,2021,3,579
NTM2,X1,A36,DIRECT,Small,Powder,2021-03-01,186.62,2021,3,387
NTM2,X1,A36,DIRECT,Small,Powder,2020-10-01,162.278,2020,10,472
NTM3,X1,A24,DIRECT,Small,Powder,2021-01-01,0.0,2021,1,2014
NTM2,X1,A3,DIRECT,Small,Powder,2020-08-01,137.515,2020,8,758
NTM1,X2,A42,DIRECT,Small,Powder,2021-01-01,175.999,2021,1,166
NTM3,X1,A14,DIRECT,Large,Liquid,2020-08-01,13.524,2020,8,737
NTM3,X1,A8,DIRECT,Large,Powder,2020-08-01,134.946,2020,8,211
NTM1,X2,A43,DIRECT,Small,Powder,2020-09-01,161.915,2020,9,1413
NTM2,X1,A11,DIRECT,Large,Liquid,2020-12-01,143.641,2020,12,940
NTM2,X1,A10,ECOM,Large,Powder,2021-05-01,151.283,2021,5,588
NTM1,X1,A33,DIRECT,Large,Powder,2020-10-01,133.3,2020,10,380
NTM3,X1,A15,DIRECT,Large,Powder,2021-01-01,66.562,2021,1,1207
NTM1,X2,A40,DIRECT,Large,Liquid,2021-05-01,24.479,2021,5,1334
NTM2,X2,A32,RETAIL,Small,Powder,2021-03-01,63.838,2021,3,842
NTM2,X1,A3,DIRECT,Small,Powder,2021-04-01,150.54,2021,4,1230
NTM3,X1,A44,DIRECT,Small,Liquid,2021-01-01,67.249,2021,1,836
NTM3,X1,A14,DIRECT,Large,Liquid,2020-10-01,72.559,2020,10,1277
NTM2,X2,A31,DIRECT,Large,Powder,2021-03-01,0.0,2021,3,1098
NTM2,X1,A11,DIRECT,Small,Powder,2021-01-01,143.884,2021,1,1329
NTM2,X1,A5,DIRECT,Small,Powder,2020-12-01,143.133,2020,12,979
NTM3,X1,A28,DIRECT,Small,Powder,2021-05-01,48.428,2021,5,942
NTM3,X1,A25,RETAIL,Large,Powder,2020-11-01,128.689,2020,11,1203
NTM2,X1,A5,DIRECT,Large,Powder,2021-05-01,144.888,2021,5,1305
NTM2,X2,A44,RETAIL,Large,Powder,2021-01-01,54.716,2021,1,960
NTM2,X2,A44,RETAIL,Large,Powder,2020-11-01,24.89,2020,11,1194
NTM2,X1,A11,DIRECT,Large,Liquid,2020-07-01,137.243,2020,7,147
NTM1,X1,A7,ECOM,Large,Powder,2020-11-01,298.826,2020,11,1312
NTM3,X1,A8,DIRECT,Large,Powder,2021-05-01,125.005,2021,5,472
NTM1,X1,A33,DIRECT,Large,Powder,2021-04-01,133.3,2021,4,722
NTM3,X1,A44,DIRECT,Small,Liquid,2020-07-01,62.432,2020,7,1110
NTM2,X2,A44,RETAIL,Large,Powder,2020-12-01,79.157,2020,12,1119
NTM2,X1,A7,DIRECT,Small,Powder,2020-11-01,139.829,2020,11,1165
NTM1,X2,A21,DIRECT,Small,Powder,2021-03-01,77.306,2021,3,949
NTM2,X1,A10,DIRECT,Small,Powder,2020-11-01,140.645,2020,11,705
NTM1,X2,A40,DIRECT,Large,Liquid,2020-10-01,24.191,2020,10,1163
NTM2,X1,A29,DIRECT,Large,Powder,2021-04-01,56.52,2021,4,907
NTM2,X1,A5,DIRECT,Large,Powder,2020-12-01,144.949,2020,12,1769
NTM2,X2,A44,RETAIL,Large,Powder,2021-05-01,133.111,2021,5,1784
NTM3,X3,A22,RETAIL,Large,Powder,2021-05-01,72.0,2021,5,1502
NTM2,X1,A5,DIRECT,Large,Powder,2020-11-01,137.667,2020,11,1058
NTM3,X1,A25,RETAIL,Large,Powder,2020-09-01,128.704,2020,9,671
NTM2,X1,A5,DIRECT,Small,Powder,2021-01-01,149.89,2021,1,1221
NTM3,X1,A35,DIRECT,ExtraLarge,Powder,2020-07-01,57.0,2020,7,660
NTM2,X2,A31,DIRECT,Large,Powder,2020-09-01,-1.26287869051112e-15,2020,9,2260
NTM2,X1,A16,DIRECT,Small,Powder,2020-08-01,224.175,2020,8,1064
NTM3,X1,A25,RETAIL,Small,Powder,2021-05-01,64.254,2021,5,586
NTM2,X1,A28,DIRECT,Small,Powder,2021-03-01,106.487,2021,3,823
NTM1,X1,A3,DIRECT,Large,Liquid,2020-09-01,154.601,2020,9,292
NTM3,X1,A44,DIRECT,Small,Liquid,2020-10-01,64.866,2020,10,1041
NTM1,X1,A33,DIRECT,Large,Powder,2021-02-01,133.3,2021,2,520
NTM1,X1,A11,DIRECT,Large,Powder,2021-05-01,144.373,2021,5,1580
NTM2,X1,A10,DIRECT,Small,Powder,2021-03-01,146.965,2021,3,883
NTM2,X2,A31,DIRECT,Large,Powder,2020-12-01,111.149,2020,12,970
NTM1,X2,A12,DIRECT,Large,Powder,2021-04-01,26.209,2021,4,741
NTM3,X1,A44,DIRECT,Small,Liquid,2020-08-01,63.538,2020,8,953
NTM2,X1,A29,DIRECT,Large,Powder,2020-08-01,56.52,2020,8,1240
NTM3,X1,A14,DIRECT,Large,Liquid,2020-09-01,0.0,2020,9,912
NTM1,X2,A12,DIRECT,Large,Powder,2021-01-01,7.347,2021,1,936
NTM1,X1,A3,DIRECT,Large,Powder,2020-08-01,110.889,2020,8,1084
NTM2,X1,A28,DIRECT,Small,Powder,2021-02-01,108.06,2021,2,1052
NTM3,X1,A8,DIRECT,Large,Powder,2020-09-01,134.245,2020,9,426
NTM1,X1,A3,DIRECT,Large,Liquid,2021-05-01,149.319,2021,5,507
NTM3,X3,A22,RETAIL,Large,Powder,2021-03-01,55.404,2021,3,893
NTM3,X1,A8,DIRECT,Large,Powder,2020-07-01,128.802,2020,7,89
NTM3,X1,A14,DIRECT,Large,Liquid,2021-05-01,33.766,2021,5,598
NTM2,X1,A28,DIRECT,Small,Powder,2020-11-01,98.311,2020,11,1050
NTM2,X1,A10,DIRECT,Small,Powder,2020-08-01,137.515,2020,8,1324
NTM1,X2,A40,DIRECT,Large,Liquid,2020-12-01,24.376,2020,12,1698
NTM2,X1,A29,DIRECT,Large,Powder,2020-12-01,106.968,2020,12,1247
NTM3,X1,A15,DIRECT,Large,Powder,2020-09-01,71.358,2020,9,657
NTM2,X1,A7,DIRECT,Small,Powder,2021-04-01,141.219,2021,4,730
NTM1,X2,A43,DIRECT,Small,Powder,2020-11-01,168.814,2020,11,1343
NTM1,X2,A12,DIRECT,Large,Powder,2020-11-01,13.751,2020,11,2090
NTM3,X1,A24,DIRECT,Small,Powder,2021-05-01,42.134,2021,5,1564
NTM2,X1,A11,DIRECT,Large,Liquid,2021-05-01,156.81,2021,5,623
NTM2,X1,A10,ECOM,Large,Powder,2020-12-01,152.724,2020,12,664
NTM1,X2,A21,DIRECT,Small,Powder,2021-02-01,82.439,2021,2,821
NTM3,X1,A13,DIRECT,Large,Powder,2020-10-01,28.591,2020,10,816
NTM2,X1,A10,ECOM,Large,Powder,2021-01-01,152.79,2021,1,741
NTM2,X2,A45,DIRECT,Large,Powder,2021-05-01,25.464,2021,5,353
NTM2,X2,A32,RETAIL,Small,Powder,2020-11-01,4.14945855453652e-15,2020,11,315
NTM1,X2,A42,DIRECT,Small,Powder,2020-07-01,196.001,2020,7,285
NTM1,X1,A11,DIRECT,Large,Powder,2021-03-01,144.754,2021,3,1775
NTM1,X1,A11,DIRECT,Large,Powder,2020-10-01,134.673,2020,10,1276
NTM3,X1,A25,RETAIL,Large,Powder,2020-10-01,128.667,2020,10,1038
NTM3,X1,A44,DIRECT,Small,Liquid,2020-11-01,65.566,2020,11,1397
NTM2,X1,A5,DIRECT,Large,Powder,2020-07-01,135.867,2020,7,1868
NTM1,X1,A1,DIRECT,Small,Powder,2020-10-01,58.333,2020,10,1627
NTM2,X1,A11,DIRECT,Small,Powder,2020-09-01,136.493,2020,9,397
NTM1,X2,A21,DIRECT,Small,Powder,2021-05-01,77.928,2021,5,691
NTM3,X1,A15,DIRECT,Large,Powder,2021-03-01,46.325,2021,3,437
NTM2,X1,A5,DIRECT,Large,Powder,2020-10-01,133.785,2020,10,1617
NTM2,X1,A28,DIRECT,Large,Powder,2020-09-01,198.179,2020,9,801
NTM2,X1,A5,DIRECT,Small,Powder,2021-04-01,149.715,2021,4,907
NTM2,X1,A3,DIRECT,Small,Powder,2021-05-01,150.598,2021,5,1342
NTM3,X1,A44,DIRECT,Small,Liquid,2021-05-01,66.93,2021,5,754
NTM2,X1,A16,DIRECT,Small,Powder,2021-02-01,98.37,2021,2,2043
NTM2,X2,A21,RETAIL,Large,Powder,2021-05-01,112.441,2021,5,696
NTM2,X1,A7,DIRECT,Small,Powder,2020-07-01,136.571,2020,7,693
NTM1,X2,A12,DIRECT,Large,Powder,2020-12-01,28.505,2020,12,1455
NTM1,X2,A43,DIRECT,Small,Powder,2020-12-01,169.056,2020,12,944
NTM2,X2,A45,DIRECT,Large,Powder,2021-03-01,26.137,2021,3,450
NTM1,X1,A3,DIRECT,Large,Powder,2020-12-01,142.13,2020,12,519
NTM1,X1,A6,DIRECT,Large,Powder,2021-05-01,137.724,2021,5,743
NTM1,X2,A40,DIRECT,Large,Liquid,2020-09-01,24.178,2020,9,823
NTM1,X1,A8,DIRECT,Large,Powder,2021-02-01,149.052,2021,2,1581
NTM1,X2,A40,DIRECT,Large,Liquid,2020-11-01,24.376,2020,11,1910
NTM2,X1,A11,DIRECT,Small,Powder,2021-05-01,138.839,2021,5,1526
NTM2,X1,A23,RETAIL,Large,Powder,2020-07-01,2412.38,2020,7,5
NTM3,X1,A25,RETAIL,Large,Powder,2021-01-01,128.665,2021,1,1114
NTM2,X1,A16,DIRECT,Small,Powder,2020-09-01,96.161,2020,9,1500
NTM1,X1,A1,DIRECT,Small,Powder,2020-07-01,114.349,2020,7,1604
NTM1,X1,A11,DIRECT,Large,Powder,2020-07-01,131.363,2020,7,312
NTM1,X1,A3,DIRECT,Small,Powder,2021-05-01,148.568,2021,5,1076
NTM3,X3,A22,RETAIL,Large,Powder,2021-01-01,48.711,2021,1,813
NTM1,X1,A3,DIRECT,Small,Powder,2021-02-01,150.599,2021,2,888
NTM2,X1,A5,DIRECT,Small,Powder,2021-03-01,147.639,2021,3,1024
NTM2,X1,A26,DIRECT,Small,Powder,2020-10-01,38.836,2020,10,221
NTM2,X2,A44,RETAIL,Large,Powder,2021-03-01,91.272,2021,3,1342
NTM3,X1,A25,RETAIL,Small,Powder,2021-01-01,64.32,2021,1,728
NTM2,X1,A11,DIRECT,Small,Powder,2021-02-01,140.745,2021,2,1185
NTM2,X1,A28,DIRECT,Small,Powder,2020-12-01,99.82,2020,12,1410
NTM2,X1,A10,DIRECT,Small,Powder,2021-01-01,147.182,2021,1,621
NTM1,X2,A12,DIRECT,Large,Powder,2020-09-01,70.567,2020,9,1263
NTM2,X2,A21,RETAIL,Large,Powder,2021-03-01,116.527,2021,3,697
NTM3,X1,A44,DIRECT,Small,Liquid,2020-09-01,64.905,2020,9,907
NTM2,X2,A44,RETAIL,Large,Powder,2020-07-01,21.451,2020,7,1216
NTM1,X1,A11,DIRECT,Large,Powder,2020-12-01,147.393,2020,12,1383
NTM1,X1,A3,DIRECT,Small,Powder,2021-01-01,149.149,2021,1,724
NTM1,X1,A8,DIRECT,Large,Powder,2020-09-01,138.218,2020,9,1273
NTM3,X1,A44,DIRECT,Small,Liquid,2021-04-01,66.42,2021,4,989
NTM2,X1,A5,DIRECT,Large,Powder,2021-03-01,158.522,2021,3,1701
NTM2,X1,A11,DIRECT,Large,Liquid,2020-11-01,153.295,2020,11,737
NTM3,X1,A24,DIRECT,Small,Powder,2021-04-01,0.0,2021,4,912
NTM1,X1,A1,DIRECT,Small,Powder,2020-08-01,80.803,2020,8,1447
NTM3,X1,A13,DIRECT,Large,Powder,2021-04-01,63.0,2021,4,1314
NTM1,X1,A3,DIRECT,Large,Liquid,2021-03-01,148.836,2021,3,455
NTM2,X2,A21,RETAIL,Large,Powder,2021-01-01,42.603,2021,1,240
NTM2,X1,A29,DIRECT,Large,Powder,2020-10-01,56.52,2020,10,1294
NTM2,X1,A5,DIRECT,Small,Powder,2021-05-01,148.568,2021,5,542
NTM3,X1,A25,RETAIL,Small,Powder,2020-12-01,64.33,2020,12,687
NTM2,X2,A31,DIRECT,Large,Powder,2020-11-01,113.671,2020,11,2750
NTM1,X1,A11,DIRECT,Large,Powder,2020-11-01,147.244,2020,11,1591
NTM1,X1,A8,DIRECT,Large,Powder,2020-10-01,134.361,2020,10,1133
NTM2,X1,A36,DIRECT,Small,Powder,2020-11-01,186.62,2020,11,556
NTM3,X1,A25,RETAIL,Small,Powder,2021-02-01,64.228,2021,2,753
NTM1,X2,A42,DIRECT,Large,Powder,2021-02-01,194.099,2021,2,290
NTM1,X2,A40,DIRECT,Large,Liquid,2021-04-01,24.871,2021,4,1328
NTM3,X3,A22,RETAIL,Large,Powder,2021-02-01,35.782,2021,2,793
NTM3,X1,A44,DIRECT,Small,Liquid,2020-12-01,66.396,2020,12,1212
NTM2,X2,A32,RETAIL,Small,Powder,2021-05-01,63.986,2021,5,468
NTM1,X2,A40,DIRECT,Large,Liquid,2021-02-01,24.606,2021,2,1167
NTM1,X2,A12,DIRECT,Large,Powder,2020-07-01,28.651,2020,7,1570
NTM1,X1,A1,DIRECT,Small,Powder,2020-12-01,114.899,2020,12,1253
NTM2,X1,A26,DIRECT,Small,Powder,2021-04-01,37.788,2021,4,261
NTM2,X2,A31,DIRECT,Large,Powder,2020-08-01,104.137,2020,8,2026
NTM2,X1,A28,DIRECT,Large,Powder,2020-08-01,196.828,2020,8,928
NTM3,X1,A28,DIRECT,Small,Powder,2020-11-01,0.627000000000002,2020,11,1612
NTM2,X1,A7,DIRECT,Small,Powder,2021-02-01,150.044,2021,2,1195
NTM2,X1,A28,DIRECT,Large,Powder,2020-07-01,197.217,2020,7,835
NTM2,X1,A26,DIRECT,Small,Powder,2021-01-01,38.311,2021,1,158
NTM1,X2,A21,DIRECT,Small,Powder,2020-10-01,74.767,2020,10,846
NTM2,X1,A16,DIRECT,Small,Powder,2020-11-01,96.839,2020,11,1888
NTM3,X1,A15,DIRECT,Large,Powder,2020-10-01,66.661,2020,10,642
NTM1,X1,A7,ECOM,Large,Powder,2020-12-01,146.766,2020,12,445
NTM2,X1,A7,DIRECT,Small,Powder,2020-09-01,166.513,2020,9,1122
NTM3,X1,A15,DIRECT,Large,Powder,2020-08-01,52.21,2020,8,335
NTM3,X1,A28,DIRECT,Small,Powder,2020-09-01,0.308,2020,9,3352
NTM1,X1,A8,DIRECT,Large,Powder,2021-03-01,152.065,2021,3,1343
NTM2,X1,A28,DIRECT,Large,Powder,2021-02-01,217.003,2021,2,860
NTM2,X1,A3,DIRECT,Small,Powder,2020-09-01,135.236,2020,9,395
NTM2,X1,A29,DIRECT,Large,Powder,2021-01-01,71.345,2021,1,1116
NTM2,X1,A16,DIRECT,Small,Powder,2021-04-01,104.16,2021,4,886
NTM2,X1,A28,DIRECT,Small,Powder,2021-04-01,106.225,2021,4,553
NTM3,X1,A24,DIRECT,Small,Powder,2020-08-01,97.21,2020,8,641
NTM1,X2,A42,DIRECT,Large,Powder,2021-03-01,228.733,2021,3,718
NTM1,X1,A1,DIRECT,Small,Powder,2020-09-01,108.227,2020,9,1219
NTM2,X1,A3,DIRECT,Small,Powder,2020-10-01,135.52,2020,10,874
NTM2,X2,A44,RETAIL,Large,Powder,2020-08-01,-2.02615701994091e-15,2020,8,1008
NTM2,X1,A5,DIRECT,Large,Powder,2021-04-01,149.533,2021,4,1529
NTM2,X1,A5,DIRECT,Large,Powder,2021-02-01,149.555,2021,2,734
NTM2,X1,A7,DIRECT,Small,Powder,2020-12-01,144.949,2020,12,1582
NTM1,X2,A21,DIRECT,Small,Powder,2021-04-01,78.501,2021,4,956
NTM1,X1,A3,DIRECT,Large,Powder,2021-01-01,135.386,2021,1,491
NTM1,X1,A6,DIRECT,Large,Powder,2020-11-01,138.701,2020,11,687
NTM3,X1,A13,DIRECT,Large,Powder,2021-01-01,26.347,2021,1,1003
NTM2,X1,A36,DIRECT,Small,Powder,2020-12-01,186.62,2020,12,711
NTM3,X1,A25,RETAIL,Large,Powder,2020-12-01,127.911,2020,12,1144
NTM1,X1,A7,ECOM,Large,Powder,2020-07-01,136.256,2020,7,205
NTM3,X1,A25,RETAIL,Large,Powder,2021-03-01,128.334,2021,3,1499
NTM3,X1,A35,DIRECT,ExtraLarge,Powder,2020-08-01,57.0,2020,8,358
NTM2,X1,A16,DIRECT,Small,Powder,2021-01-01,98.004,2021,1,928
NTM1,X1,A1,DIRECT,Small,Powder,2021-03-01,112.002,2021,3,1017
NTM2,X1,A10,DIRECT,Small,Powder,2021-04-01,149.703,2021,4,1204
NTM1,X2,A40,DIRECT,Large,Liquid,2020-08-01,24.156,2020,8,952
NTM3,X1,A13,DIRECT,Large,Powder,2021-03-01,14.783,2021,3,603
NTM3,X1,A14,DIRECT,Large,Liquid,2020-12-01,14.458,2020,12,1012
NTM2,X1,A11,DIRECT,Small,Powder,2020-08-01,140.23,2020,8,266
NTM1,X1,A8,DIRECT,Large,Powder,2020-07-01,132.649,2020,7,1142
NTM1,X1,A7,ECOM,Large,Powder,2021-05-01,144.391,2021,5,1032
NTM1,X1,A3,DIRECT,Large,Powder,2021-05-01,149.996,2021,5,792
NTM1,X1,A11,DIRECT,Large,Powder,2020-08-01,135.867,2020,8,206
NTM1,X2,A40,DIRECT,Large,Liquid,2021-01-01,24.871,2021,1,1146
NTM1,X2,A40,DIRECT,Large,Liquid,2021-03-01,24.871,2021,3,1335
NTM1,X2,A43,DIRECT,Small,Powder,2021-01-01,168.013,2021,1,1080
NTM3,X1,A14,DIRECT,Large,Liquid,2021-03-01,0.000999999999997225,2021,3,672
NTM1,X1,A8,DIRECT,Large,Powder,2021-04-01,154.621,2021,4,1616
NTM2,X1,A28,DIRECT,Large,Powder,2020-12-01,197.217,2020,12,1028
NTM1,X1,A33,DIRECT,Large,Powder,2020-08-01,133.3,2020,8,543
NTM1,X2,A42,DIRECT,Large,Powder,2021-04-01,247.143,2021,4,563
NTM2,X1,A5,DIRECT,Small,Powder,2020-07-01,136.256,2020,7,856
NTM3,X1,A25,RETAIL,Large,Powder,2021-05-01,130.694,2021,5,1344
NTM2,X1,A28,DIRECT,Large,Powder,2021-05-01,216.429,2021,5,624
NTM1,X2,A12,DIRECT,Large,Powder,2021-05-01,3.853,2021,5,2138
NTM2,X2,A21,RETAIL,Large,Powder,2021-02-01,106.658,2021,2,454
NTM2,X1,A16,DIRECT,Small,Powder,2021-03-01,95.801,2021,3,2090
NTM2,X1,A5,DIRECT,Small,Powder,2021-02-01,149.87,2021,2,446
NTM3,X1,A24,DIRECT,Small,Powder,2020-09-01,3.947,2020,9,502
NTM1,X1,A6,DIRECT,Large,Powder,2021-04-01,143.918,2021,4,716
NTM1,X1,A3,DIRECT,Large,Liquid,2021-04-01,149.416,2021,4,592
NTM1,X2,A43,DIRECT,Small,Powder,2020-07-01,157.093,2020,7,1325
NTM2,X2,A44,RETAIL,Large,Powder,2021-04-01,135.179,2021,4,1327
NTM2,X1,A29,DIRECT,Large,Powder,2021-03-01,87.575,2021,3,936
NTM2,X1,A3,DIRECT,Small,Powder,2020-07-01,132.761,2020,7,777
NTM2,X2,A31,DIRECT,Large,Powder,2020-07-01,17.444,2020,7,2329
NTM2,X2,A45,DIRECT,Large,Powder,2020-07-01,26.191,2020,7,526
NTM1,X1,A11,DIRECT,Large,Powder,2021-04-01,143.969,2021,4,1087
NTM2,X1,A7,DIRECT,Small,Powder,2020-08-01,137.516,2020,8,803
NTM2,X1,A38,DIRECT,Small,Powder,2021-02-01,169.231,2021,2,182
NTM1,X1,A11,DIRECT,Large,Powder,2021-02-01,140.745,2021,2,1075
NTM3,X1,A15,DIRECT,Large,Powder,2020-12-01,6.455,2020,12,650
NTM3,X1,A28,DIRECT,Small,Powder,2021-04-01,52.319,2021,4,738
NTM1,X1,A1,DIRECT,Small,Powder,2021-02-01,46.581,2021,2,741
NTM3,X1,A13,DIRECT,Large,Powder,2021-02-01,65.151,2021,2,558
NTM1,X1,A3,DIRECT,Large,Powder,2020-07-01,134.215,2020,7,981
NTM3,X1,A13,DIRECT,Large,Powder,2020-09-01,29.794,2020,9,900
NTM2,X1,A16,DIRECT,Small,Powder,2021-05-01,95.873,2021,5,852
NTM2,X1,A38,DIRECT,Small,Powder,2021-01-01,200.0,2021,1,264
NTM2,X1,A26,DIRECT,Small,Powder,2020-08-01,51.009,2020,8,166
NTM2,X1,A29,DIRECT,Large,Powder,2020-09-01,56.52,2020,9,946
NTM3,X1,A28,DIRECT,Small,Powder,2021-01-01,50.806,2021,1,711
NTM2,X2,A44,RETAIL,Large,Powder,2021-02-01,88.979,2021,2,1172
NTM3,X3,A22,RETAIL,Large,Powder,2020-11-01,53.249,2020,11,889
NTM1,X2,A40,DIRECT,Large,Liquid,2020-07-01,13.977,2020,7,964
NTM1,X1,A3,DIRECT,Large,Powder,2020-11-01,139.093,2020,11,821
NTM2,X1,A3,DIRECT,Small,Powder,2021-01-01,152.181,2021,1,1239
NTM2,X1,A11,DIRECT,Small,Powder,2020-10-01,136.021,2020,10,956
NTM2,X2,A45,DIRECT,Large,Powder,2020-11-01,26.935,2020,11,601
NTM1,X1,A7,ECOM,Large,Powder,2021-02-01,145.918,2021,2,697
NTM3,X1,A8,DIRECT,Large,Powder,2020-10-01,59.203,2020,10,580
NTM1,X1,A33,DIRECT,Large,Powder,2020-07-01,133.635,2020,7,1114
NTM1,X2,A43,DIRECT,Small,Powder,2021-03-01,167.439,2021,3,1452
NTM2,X1,A28,DIRECT,Large,Powder,2020-10-01,197.119,2020,10,843
NTM1,X1,A1,DIRECT,Small,Powder,2021-04-01,57.058,2021,4,633
NTM1,X2,A21,DIRECT,Small,Powder,2020-09-01,74.248,2020,9,826
NTM1,X1,A11,DIRECT,Large,Powder,2021-01-01,142.904,2021,1,1600
NTM1,X1,A7,ECOM,Large,Powder,2021-01-01,143.126,2021,1,866
NTM3,X1,A25,RETAIL,Large,Powder,2021-02-01,128.458,2021,2,1200
NTM2,X1,A3,DIRECT,Small,Powder,2020-12-01,150.407,2020,12,861
NTM2,X1,A3,DIRECT,Small,Powder,2021-02-01,149.572,2021,2,1020
NTM2,X1,A3,DIRECT,Small,Powder,2021-03-01,145.74,2021,3,1184
NTM3,X1,A25,RETAIL,Small,Powder,2020-10-01,64.355,2020,10,801
NTM3,X3,A22,RETAIL,Large,Powder,2020-07-01,50.906,2020,7,766
NTM3,X1,A44,DIRECT,Small,Liquid,2021-03-01,65.88,2021,3,927
NTM3,X1,A14,DIRECT,Large,Liquid,2020-11-01,0.0,2020,11,950
NTM3,X1,A13,DIRECT,Large,Powder,2020-08-01,60.817,2020,8,437
NTM1,X1,A8,DIRECT,Large,Powder,2021-01-01,158.568,2021,1,916
NTM1,X2,A12,DIRECT,Large,Powder,2021-03-01,28.41,2021,3,1294
NTM3,X3,A22,RETAIL,Large,Powder,2020-12-01,52.045,2020,12,693
NTM3,X1,A25,RETAIL,Large,Powder,2021-04-01,128.433,2021,4,1387
NTM2,X1,A10,ECOM,Large,Powder,2021-02-01,150.599,2021,2,718
NTM3,X1,A14,DIRECT,Large,Liquid,2020-07-01,9.169,2020,7,876
NTM1,X1,A1,DIRECT,Small,Powder,2021-05-01,114.096,2021,5,829
NTM1,X1,A6,DIRECT,Large,Powder,2021-01-01,146.614,2021,1,851
NTM1,X1,A7,ECOM,Large,Powder,2021-03-01,142.609,2021,3,1146
NTM1,X2,A43,DIRECT,Small,Powder,2021-04-01,165.271,2021,4,1034
NTM2,X2,A31,DIRECT,Large,Powder,2020-10-01,110.633,2020,10,2364
NTM1,X1,A3,DIRECT,Large,Liquid,2020-10-01,135.764,2020,10,502
NTM3,X1,A24,DIRECT,Small,Powder,2021-02-01,49.958,2021,2,1163
NTM2,X1,A26,DIRECT,Small,Powder,2020-07-01,41.19,2020,7,220
NTM1,X2,A43,DIRECT,Small,Powder,2021-02-01,167.312,2021,2,2202
NTM1,X1,A3,DIRECT,Small,Powder,2020-12-01,143.592,2020,12,1089
NTM3,X1,A25,RETAIL,Small,Powder,2021-03-01,64.218,2021,3,639
NTM1,X2,A12,DIRECT,Large,Powder,2020-08-01,50.253,2020,8,986
NTM3,X1,A28,DIRECT,Small,Powder,2020-07-01,50.897,2020,7,967
NTM2,X2,A32,RETAIL,Small,Powder,2021-04-01,64.031,2021,4,420
NTM3,X1,A15,DIRECT,Large,Powder,2021-04-01,18.985,2021,4,583
NTM1,X1,A3,DIRECT,Large,Powder,2021-04-01,149.416,2021,4,632
NTM2,X1,A16,DIRECT,Small,Powder,2020-07-01,85.036,2020,7,947
NTM2,X1,A11,DIRECT,Large,Liquid,2021-01-01,143.884,2021,1,1055
NTM1,X2,A42,DIRECT,Small,Powder,2021-03-01,231.621,2021,3,570
NTM2,X1,A10,ECOM,Large,Powder,2021-04-01,150.631,2021,4,561
NTM1,X1,A3,DIRECT,Small,Powder,2020-11-01,138.158,2020,11,1313
NTM1,X2,A21,DIRECT,Small,Powder,2020-12-01,79.713,2020,12,1127
NTM1,X2,A42,DIRECT,Small,Powder,2021-04-01,169.979,2021,4,637
NTM1,X2,A42,DIRECT,Small,Powder,2020-12-01,211.289,2020,12,267
NTM2,X1,A36,DIRECT,Small,Powder,2021-01-01,186.62,2021,1,443
NTM1,X1,A3,DIRECT,Large,Liquid,2021-02-01,147.696,2021,2,556
NTM3,X1,A24,DIRECT,Small,Powder,2020-10-01,0.793999999999997,2020,10,615
NTM1,X1,A3,DIRECT,Large,Powder,2021-02-01,154.141,2021,2,669
NTM2,X1,A29,DIRECT,Large,Powder,2021-02-01,80.528,2021,2,938
NTM1,X2,A42,DIRECT,Large,Powder,2020-09-01,192.384,2020,9,213
NTM2,X1,A11,DIRECT,Small,Powder,2021-04-01,164.404,2021,4,1387
NTM2,X1,A29,DIRECT,Large,Powder,2021-05-01,56.52,2021,5,932
NTM2,X1,A28,DIRECT,Large,Powder,2021-04-01,215.103,2021,4,645
NTM1,X1,A3,DIRECT,Large,Powder,2020-09-01,135.236,2020,9,761
NTM1,X1,A6,DIRECT,Large,Powder,2020-09-01,135.457,2020,9,633
NTM2,X1,A11,DIRECT,Small,Powder,2021-03-01,141.583,2021,3,1281
NTM1,X1,A1,DIRECT,Small,Powder,2021-01-01,114.898,2021,1,1208
NTM2,X1,A5,DIRECT,Large,Powder,2021-01-01,147.874,2021,1,1753
NTM2,X1,A29,DIRECT,Large,Powder,2020-07-01,56.52,2020,7,1040
NTM2,X1,A28,DIRECT,Large,Powder,2020-11-01,197.363,2020,11,987
NTM1,X2,A21,DIRECT,Small,Powder,2021-01-01,81.022,2021,1,1211
NTM1,X1,A33,DIRECT,Large,Powder,2021-05-01,133.303,2021,5,1012
NTM2,X2,A32,RETAIL,Small,Powder,2020-09-01,38.152,2020,9,406
NTM3,X1,A8,DIRECT,Large,Powder,2020-11-01,73.391,2020,11,794
NTM1,X2,A42,DIRECT,Large,Powder,2021-05-01,175.611,2021,5,346
NTM2,X2,A45,DIRECT,Large,Powder,2020-09-01,25.832,2020,9,401
NTM3,X1,A8,DIRECT,Large,Powder,2021-02-01,144.017,2021,2,531
NTM2,X1,A5,DIRECT,Small,Powder,2020-11-01,137.667,2020,11,435
NTM3,X1,A15,DIRECT,Large,Powder,2020-11-01,73.397,2020,11,285
NTM1,X2,A42,DIRECT,Large,Powder,2020-08-01,270.665,2020,8,133
NTM2,X1,A10,DIRECT,Small,Powder,2020-07-01,135.291,2020,7,1028
NTM3,X1,A25,RETAIL,Small,Powder,2020-09-01,64.356,2020,9,405
NTM3,X1,A8,DIRECT,Large,Powder,2020-12-01,128.694,2020,12,664
NTM2,X1,A11,DIRECT,Large,Liquid,2020-10-01,134.636,2020,10,729
NTM2,X1,A7,DIRECT,Small,Powder,2021-05-01,142.365,2021,5,305
NTM3,X3,A22,RETAIL,Large,Powder,2020-10-01,52.006,2020,10,936
NTM2,X1,A36,DIRECT,Small,Powder,2021-02-01,186.62,2021,2,414
NTM1,X1,A3,DIRECT,Small,Powder,2021-03-01,147.202,2021,3,919
NTM2,X1,A38,DIRECT,Small,Powder,2020-11-01,200.0,2020,11,385
NTM2,X1,A28,DIRECT,Small,Powder,2021-01-01,108.531,2021,1,1086
NTM1,X2,A21,DIRECT,Small,Powder,2020-11-01,76.787,2020,11,979
NTM3,X1,A15,DIRECT,Large,Powder,2020-07-01,8.568,2020,7,213
NTM3,X1,A35,DIRECT,ExtraLarge,Powder,2021-02-01,57.0,2021,2,346
NTM2,X1,A16,DIRECT,Small,Powder,2020-10-01,97.126,2020,10,1756
NTM2,X1,A11,DIRECT,Large,Liquid,2021-04-01,143.464,2021,4,713
NTM1,X2,A42,DIRECT,Small,Powder,2021-05-01,207.68,2021,5,497
NTM1,X1,A6,DIRECT,Large,Powder,2020-10-01,135.457,2020,10,404
NTM3,X3,A22,RETAIL,Large,Powder,2021-04-01,55.315,2021,4,979
NTM3,X1,A13,DIRECT,Large,Powder,2020-11-01,17.044,2020,11,658
NTM3,X1,A8,DIRECT,Large,Powder,2021-04-01,122.212,2021,4,629
NTM1,X1,A33,DIRECT,Large,Powder,2021-03-01,133.3,2021,3,467
NTM1,X1,A3,DIRECT,Small,Powder,2021-04-01,150.54,2021,4,1096
NTM2,X1,A36,DIRECT,Small,Powder,2021-05-01,186.62,2021,5,464
NTM2,X1,A11,DIRECT,Large,Liquid,2021-03-01,141.583,2021,3,693
NTM2,X1,A10,DIRECT,Small,Powder,2020-09-01,138.856,2020,9,700
NTM2,X1,A5,DIRECT,Large,Powder,2020-09-01,134.317,2020,9,1366
NTM3,X1,A28,DIRECT,Small,Powder,2020-12-01,35.235,2020,12,692
NTM2,X1,A36,DIRECT,Small,Powder,2021-04-01,180.072,2021,4,379
NTM1,X2,A42,DIRECT,Large,Powder,2021-01-01,240.314,2021,1,246
NTM1,X1,A3,DIRECT,Large,Liquid,2020-11-01,79.552,2020,11,778
NTM1,X1,A3,DIRECT,Large,Liquid,2020-08-01,136.031,2020,8,371
NTM1,X1,A8,DIRECT,Large,Powder,2020-08-01,135.481,2020,8,1289
NTM2,X1,A23,RETAIL,Large,Powder,2021-02-01,726.784,2021,2,54
NTM1,X1,A8,DIRECT,Large,Powder,2021-05-01,149.319,2021,5,1245
NTM3,X1,A15,DIRECT,Large,Powder,2021-05-01,15.323,2021,5,149
NTM1,X2,A43,DIRECT,Small,Powder,2021-05-01,169.087,2021,5,928
NTM2,X1,A11,DIRECT,Large,Liquid,2020-09-01,136.493,2020,9,181
NTM3,X1,A24,DIRECT,Small,Powder,2020-11-01,47.584,2020,11,869
NTM2,X1,A10,DIRECT,Small,Powder,2021-05-01,148.534,2021,5,893
NTM2,X1,A26,DIRECT,Small,Powder,2020-09-01,38.568,2020,9,192
NTM2,X1,A28,DIRECT,Large,Powder,2021-01-01,217.072,2021,1,702
NTM1,X1,A11,DIRECT,Large,Powder,2020-09-01,140.337,2020,9,213
NTM2,X1,A38,DIRECT,Small,Powder,2021-04-01,201.49,2021,4,217
NTM3,X1,A35,DIRECT,ExtraLarge,Powder,2021-04-01,57.0,2021,4,540
NTM2,X1,A38,DIRECT,Small,Powder,2021-05-01,201.491,2021,5,271
NTM2,X1,A28,DIRECT,Large,Powder,2021-03-01,215.64,2021,3,856
NTM3,X1,A24,DIRECT,Small,Powder,2020-07-01,93.675,2020,7,390
NTM2,X1,A26,DIRECT,Small,Powder,2021-03-01,37.854,2021,3,269
NTM2,X2,A45,DIRECT,Large,Powder,2020-10-01,26.11,2020,10,328
NTM2,X2,A32,RETAIL,Small,Powder,2021-01-01,3.04699999999999,2021,1,453
NTM1,X1,A3,DIRECT,Small,Powder,2020-07-01,131.999,2020,7,661
NTM2,X1,A10,ECOM,Large,Powder,2021-03-01,160.042,2021,3,472
NTM3,X1,A25,RETAIL,Small,Powder,2020-11-01,64.319,2020,11,723
NTM2,X1,A10,DIRECT,Small,Powder,2020-12-01,145.677,2020,12,369
NTM1,X1,A1,DIRECT,Small,Powder,2020-11-01,110.675,2020,11,1098
NTM1,X1,A7,ECOM,Large,Powder,2020-08-01,137.515,2020,8,353
NTM3,X1,A35,DIRECT,ExtraLarge,Powder,2020-11-01,57.0,2020,11,256
NTM3,X1,A14,DIRECT,Large,Liquid,2021-01-01,0.0,2021,1,1075
NTM2,X1,A5,DIRECT,Small,Powder,2020-08-01,138.064,2020,8,557
NTM2,X1,A11,DIRECT,Large,Liquid,2021-02-01,146.548,2021,2,604
NTM3,X1,A28,DIRECT,Small,Powder,2021-02-01,47.881,2021,2,973
NTM2,X2,A45,DIRECT,Large,Powder,2020-12-01,27.494,2020,12,485
NTM1,X1,A6,DIRECT,Large,Powder,2020-07-01,132.119,2020,7,417
NTM2,X2,A32,RETAIL,Small,Powder,2020-07-01,0.0,2020,7,523
NTM2,X1,A28,DIRECT,Small,Powder,2020-10-01,97.897,2020,10,773
NTM3,X1,A14,DIRECT,Large,Liquid,2021-02-01,0.0,2021,2,655
NTM1,X2,A42,DIRECT,Large,Powder,2020-10-01,195.17,2020,10,131
NTM1,X1,A33,DIRECT,Large,Powder,2021-01-01,150.289,2021,1,230
NTM2,X2,A45,DIRECT,Large,Powder,2020-08-01,26.254,2020,8,490
NTM2,X1,A10,ECOM,Large,Powder,2020-10-01,134.326,2020,10,33
NTM1,X1,A3,DIRECT,Large,Powder,2021-03-01,149.552,2021,3,612
NTM1,X2,A21,DIRECT,Small,Powder,2020-08-01,73.33,2020,8,925
NTM2,X2,A21,RETAIL,Large,Powder,2020-09-01,114.929,2020,9,87
NTM2,X2,A32,RETAIL,Small,Powder,2020-10-01,21.248,2020,10,419
NTM1,X1,A3,DIRECT,Large,Liquid,2020-07-01,131.999,2020,7,420
NTM3,X1,A13,DIRECT,Large,Powder,2020-12-01,22.481,2020,12,625
NTM2,X1,A23,RETAIL,Large,Powder,2021-04-01,1.22200000000002,2021,4,24
NTM2,X1,A38,DIRECT,Small,Powder,2020-12-01,200.0,2020,12,367
NTM1,X1,A7,ECOM,Large,Powder,2020-09-01,138.404,2020,9,268
NTM2,X1,A28,DIRECT,Small,Powder,2021-05-01,108.209,2021,5,787
NTM1,X1,A3,DIRECT,Small,Powder,2020-08-01,136.091,2020,8,440
NTM2,X2,A45,DIRECT,Large,Powder,2021-04-01,26.132,2021,4,599
NTM1,X2,A42,DIRECT,Large,Powder,2020-07-01,266.901,2020,7,277
NTM2,X1,A11,DIRECT,Small,Powder,2020-11-01,145.677,2020,11,1165
NTM2,X1,A7,DIRECT,Small,Powder,2021-01-01,143.126,2021,1,952
NTM2,X1,A7,DIRECT,Small,Powder,2021-03-01,143.143,2021,3,434
NTM3,X1,A44,DIRECT,Small,Liquid,2021-02-01,66.879,2021,2,530
NTM3,X1,A35,DIRECT,ExtraLarge,Powder,2021-03-01,57.0,2021,3,570
NTM3,X1,A14,DIRECT,Large,Liquid,2021-04-01,2.4980018054066e-15,2021,4,660
NTM3,X1,A13,DIRECT,Large,Powder,2020-07-01,68.959,2020,7,496
NTM1,X1,A33,DIRECT,Large,Powder,2020-09-01,133.3,2020,9,457
NTM2,X1,A29,DIRECT,Large,Powder,2020-11-01,56.521,2020,11,844
NTM1,X1,A3,DIRECT,Small,Powder,2020-10-01,137.035,2020,10,419
NTM2,X1,A16,DIRECT,Small,Powder,2020-12-01,99.849,2020,12,1984
NTM2,X1,A7,DIRECT,Small,Powder,2020-10-01,134.673,2020,10,582
NTM1,X2,A21,DIRECT,Small,Powder,2020-07-01,72.129,2020,7,798
NTM2,X1,A23,RETAIL,Large,Powder,2021-05-01,124.888,2021,5,423
NTM1,X1,A3,DIRECT,Small,Powder,2020-09-01,135.235,2020,9,522
NTM2,X1,A26,DIRECT,Small,Powder,2021-05-01,39.175,2021,5,147
NTM3,X1,A8,DIRECT,Large,Powder,2021-01-01,128.824,2021,1,645
NTM1,X2,A43,DIRECT,Small,Powder,2020-08-01,152.779,2020,8,922
NTM1,X1,A3,DIRECT,Large,Liquid,2020-12-01,143.641,2020,12,468
NTM1,X1,A6,DIRECT,Large,Powder,2021-02-01,142.608,2021,2,983
NTM3,X1,A28,DIRECT,Small,Powder,2021-03-01,53.271,2021,3,766
NTM2,X1,A38,DIRECT,Small,Powder,2021-03-01,191.157,2021,3,291
NTM2,X2,A32,RETAIL,Small,Powder,2020-12-01,27.162,2020,12,452
NTM1,X1,A6,DIRECT,Large,Powder,2020-12-01,146.461,2020,12,208
NTM1,X2,A12,DIRECT,Large,Powder,2021-02-01,56.882,2021,2,948
NTM1,X1,A3,DIRECT,Large,Liquid,2021-01-01,149.709,2021,1,362
NTM2,X2,A32,RETAIL,Small,Powder,2021-02-01,5.00207514297912e-15,2021,2,495
NTM2,X2,A21,RETAIL,Large,Powder,2021-04-01,99.573,2021,4,589
NTM1,X2,A42,DIRECT,Small,Powder,2020-08-01,157.34,2020,8,105
NTM2,X1,A5,DIRECT,Small,Powder,2020-09-01,135.976,2020,9,749
NTM2,X1,A5,DIRECT,Small,Powder,2020-10-01,133.786,2020,10,658
NTM3,X1,A24,DIRECT,Small,Powder,2020-12-01,86.871,2020,12,594
NTM3,X3,A22,RETAIL,Large,Powder,2020-09-01,50.616,2020,9,626
NTM1,X2,A42,DIRECT,Small,Powder,2020-09-01,139.142,2020,9,74
NTM1,X1,A6,DIRECT,Large,Powder,2020-08-01,136.829,2020,8,306
NTM2,X1,A10,DIRECT,Small,Powder,2020-10-01,134.973,2020,10,371
NTM2,X1,A10,DIRECT,Small,Powder,2021-02-01,147.639,2021,2,1183
NTM2,X1,A36,DIRECT,Small,Powder,2020-09-01,186.62,2020,9,333
NTM1,X2,A42,DIRECT,Large,Powder,2020-11-01,204.205,2020,11,191
NTM1,X1,A6,DIRECT,Large,Powder,2021-03-01,143.919,2021,3,300
NTM2,X2,A32,RETAIL,Small,Powder,2020-08-01,42.573,2020,8,354
NTM2,X2,A21,RETAIL,Large,Powder,2020-11-01,60.448,2020,11,242
NTM3,X1,A25,RETAIL,Small,Powder,2021-04-01,64.247,2021,4,715
NTM1,X2,A43,DIRECT,Small,Powder,2020-10-01,163.967,2020,10,591
NTM2,X1,A36,DIRECT,Small,Powder,2020-07-01,184.098,2020,7,334
NTM2,X1,A38,DIRECT,Small,Powder,2020-10-01,457.143,2020,10,297
NTM3,X1,A35,DIRECT,ExtraLarge,Powder,2020-10-01,57.0,2020,10,206
NTM2,X1,A26,DIRECT,Small,Powder,2020-11-01,43.001,2020,11,199
NTM2,X1,A36,DIRECT,Small,Powder,2020-08-01,184.316,2020,8,350
NTM1,X1,A33,DIRECT,Large,Powder,2020-12-01,133.3,2020,12,318
NTM2,X2,A45,DIRECT,Large,Powder,2021-02-01,26.506,2021,2,282
NTM2,X1,A38,DIRECT,Small,Powder,2020-09-01,200.0,2020,9,148
NTM2,X1,A26,DIRECT,Small,Powder,2020-12-01,39.205,2020,12,206
NTM2,X2,A31,DIRECT,Large,Powder,2021-02-01,136.249,2021,2,279
NTM3,X1,A35,DIRECT,ExtraLarge,Powder,2021-05-01,57.0,2021,5,302
NTM2,X2,A31,DIRECT,Large,Powder,2021-01-01,110.908,2021,1,351
NTM2,X1,A28,DIRECT,Small,Powder,2020-09-01,98.192,2020,9,872
NTM3,X1,A15,DIRECT,Large,Powder,2021-02-01,0.0,2021,2,338
NTM3,X1,A13,DIRECT,Large,Powder,2021-05-01,9.584,2021,5,138
NTM1,X1,A3,DIRECT,Large,Powder,2020-10-01,135.52,2020,10,566
NTM2,X1,A26,DIRECT,Small,Powder,2021-02-01,38.391,2021,2,321
NTM1,X1,A7,ECOM,Large,Powder,2020-10-01,136.021,2020,10,129
NTM2,X1,A11,DIRECT,Small,Powder,2020-07-01,137.243,2020,7,357
NTM3,X1,A35,DIRECT,ExtraLarge,Powder,2021-01-01,42.75,2021,1,192
NTM2,X1,A10,ECOM,Large,Powder,2020-11-01,150.357,2020,11,458
NTM2,X2,A21,RETAIL,Large,Powder,2020-12-01,116.791,2020,12,66
NTM1,X2,A42,DIRECT,Small,Powder,2020-10-01,141.156,2020,10,203
NTM2,X1,A11,DIRECT,Large,Liquid,2020-08-01,232.057,2020,8,107
NTM1,X2,A42,DIRECT,Small,Powder,2020-11-01,152.965,2020,11,205
NTM2,X2,A21,RETAIL,Large,Powder,2020-10-01,114.032,2020,10,174
NTM2,X1,A38,DIRECT,Small,Powder,2020-08-01,200.0,2020,8,87
NTM1,X2,A42,DIRECT,Large,Powder,2020-12-01,205.946,2020,12,222
NTM2,X1,A38,DIRECT,Small,Powder,2020-07-01,200.0,2020,7,175
NTM3,X1,A35,DIRECT,ExtraLarge,Powder,2020-09-01,66.5,2020,9,195
NTM1,X2,A42,DIRECT,Small,Powder,2021-02-01,173.816,2021,2,131
NTM2,X1,A23,RETAIL,Large,Powder,2021-03-01,1.18100000000001,2021,3,27
NTM1,X1,A33,DIRECT,Large,Powder,2020-11-01,133.3,2020,11,6
NTM2,X1,A10,ECOM,Large,Powder,2020-07-01,136.925,2020,7,10
NTM2,X1,A23,RETAIL,Large,Powder,2020-12-01,128.6,2020,12,9
NTM2,X1,A10,ECOM,Large,Powder,2020-09-01,138.632,2020,9,10
NTM2,X1,A23,RETAIL,Large,Powder,2021-01-01,1.2,2021,1,5
NTM2,X1,A23,RETAIL,Large,Powder,2020-09-01,4175.805,2020,9,5
NTM2,X1,A10,ECOM,Large,Powder,2020-08-01,136.09,2020,8,8
NTM2,X1,A23,RETAIL,Large,Powder,2020-11-01,4.43299999999999,2020,11,13
NTM2,X1,A23,RETAIL,Large,Powder,2020-08-01,309.645,2020,8,3
NTM2,X1,A23,RETAIL,Large,Powder,2020-10-01,27.29,2020,10,1
